Handle;Title;Body (HTML);Vendor;Product Category;Type;Tags;Published;Option1 Name;Option1 Value;Option1 Linked To;Option2 Name;Option2 Value;Option2 Linked To;Option3 Name;Option3 Value;Option3 Linked To;Variant SKU;Variant Grams;Variant Inventory Tracker;Variant Inventory Policy;Variant Fulfillment Service;Variant Price;Variant Compare At Price;Variant Requires Shipping;Variant Taxable;Variant Barcode;Image Src;Image Position;Image Alt Text;Gift Card;SEO Title;SEO Description;Google Shopping / Google Product Category;Google Shopping / Gender;Google Shopping / Age Group;Google Shopping / MPN;Google Shopping / Condition;Google Shopping / Custom Product;Google Shopping / Custom Label 0;Google Shopping / Custom Label 1;Google Shopping / Custom Label 2;Google Shopping / Custom Label 3;Google Shopping / Custom Label 4;Como usar (product.metafields.como_usar.slider);Antes e Depois (product.metafields.custom.antes_e_depois);Breadcrumb de produto (product.metafields.custom.breadcrumb_de_produto);DatePreSale (product.metafields.custom.datepresale);Descrição longa com abas (product.metafields.custom.descricao_longa_com_abas);Unidade de medida (product.metafields.custom.dosagem);Etiquetas (product.metafields.custom.etiquetas);FAQ (product.metafields.custom.faq);Finalidade (product.metafields.custom.finalidade);Finalização (Busca Home) (product.metafields.custom.finalizacao);Ingredientes com Foto (product.metafields.custom.ingredientes_com_foto);IsPreSale (product.metafields.custom.ispresale);Necessidade (Busca Home) (product.metafields.custom.necessidade);Produto relacionado (Assinatura) (product.metafields.custom.produto_relacionado_assinatura);Tipo de Cabelo (Busca Home) (product.metafields.custom.tipo_de_cabelo);Google: Custom Product (product.metafields.mm-google-shopping.custom_product);Product rating count (product.metafields.reviews.rating_count);Seo Hidden (product.metafields.seo.hidden);Accessory size (product.metafields.shopify.accessory-size);Age group (product.metafields.shopify.age-group);Color (product.metafields.shopify.color-pattern);Fabric (product.metafields.shopify.fabric);Finish (product.metafields.shopify.finish);Hair care finish (product.metafields.shopify.hair-care-finish);Hair type (product.metafields.shopify.hair-type);Hold level (product.metafields.shopify.hold-level);Intended application (product.metafields.shopify.intended-application);Material (product.metafields.shopify.material);Primer use (product.metafields.shopify.primer-use);Product certifications & standards (product.metafields.shopify.product-certifications-standards);Product form (product.metafields.shopify.product-form);Product formulation (product.metafields.shopify.product-formulation);Shampoo type (product.metafields.shopify.shampoo-type);Shape (product.metafields.shopify.shape);Suitable for hair type (product.metafields.shopify.suitable-for-hair-type);Suitable space (product.metafields.shopify.suitable-space);Target gender (product.metafields.shopify.target-gender);Treatment type (product.metafields.shopify.treatment-type);Complementary products (product.metafields.shopify--discovery--product_recommendation.complementary_products);Related products (product.metafields.shopify--discovery--product_recommendation.related_products);Related products settings (product.metafields.shopify--discovery--product_recommendation.related_products_display);Search product boosts (product.metafields.shopify--discovery--product_search_boost.queries);Variant Image;Variant Weight Unit;Variant Tax Code;Cost per item;Status;o_que_e;ingredientes;modo_de_uso;passo_a_passo;resultado;itens_do_kit
adesivo-ge-beauty-1;adesivos by stickerland;"<h2 id=""customize-do-seu-jeito"">Customize do seu jeito</h2>
<p>Uma collab especial de adesivos personalizados com Stickerland &amp; GE Beauty para você decorar o que quiser e como quiser, no seu tempo e do seu jeito.</p>
<p>Contém 1 pack com 6 adesivos variados.</p>";GE Beauty;Arts & Entertainment > Hobbies & Creative Arts > Arts & Crafts > Art & Crafting Materials > Embellishments & Trims > Decorative Stickers;product;acessorio, avulso;FALSO;Title;Default Title;;;;;;;;PACK01;2.0;shopify;deny;manual;15.00;;VERDADEIRO;VERDADEIRO;'0618341381100;https://cdn.shopify.com/s/files/1/0807/8344/2240/files/adesivos.png?v=1739415087;1;;FALSO;;;;;;;;;;;;;;;;;;;;;;;;;;;;Cacheados;;;;;;;;;;;;;;;;;;;;;;;;"booster-antifrizz; shampoo-sem-sulfato-travel-size; mascara-condicionadora-travel-size; booster-definicao-ge-beauty-15ml; escova-polvo-ge-beauty; escova-oval-ge-beauty";"caixa-para-presente-vermelha; booster-antifrizz; shampoo-sem-sulfato-travel-size; mascara-condicionadora-travel-size; booster-definicao-ge-beauty-15ml; escova-polvo-ge-beauty; escova-oval-ge-beauty";ahead;;;kg;;2.18;active;;;;;;
adesivo-ge-beauty-2;adesivos by stickerland;"<h2 id=""customize-do-seu-jeito"">Customize do seu jeito</h2>

<p>Uma collab especial de adesivos personalizados com Stickerland &amp; GE Beauty para você decorar o que quiser e como quiser, no seu tempo e do seu jeito. </p>

<p>Contém 1 pack com 6 adesivos variados.</p>

<p>[desc curta] Customize do seu jeito.</p>
";GE Beauty;Arts & Entertainment > Hobbies & Creative Arts > Arts & Crafts > Art & Crafting Materials > Embellishments & Trims > Decorative Stickers;product;acessorio, avulso;FALSO;Title;Default Title;;;;;;;;PACK02;2.0;shopify;deny;manual;15.00;;VERDADEIRO;VERDADEIRO;'0618341381117;https://cdn.shopify.com/s/files/1/0807/8344/2240/files/18_8_4_475_CARTELA2_Completo.png?v=1739415089;1;;FALSO;;;;;;;;;;;;;;;;;;;;;;;;;;;;;;;;;;;;;;;;;;;;;;;;;;;;"booster-antifrizz; shampoo-sem-sulfato-travel-size; mascara-condicionadora-travel-size; booster-definicao-ge-beauty-15ml; escova-polvo-ge-beauty; escova-oval-ge-beauty";"caixa-para-presente-vermelha; booster-antifrizz; shampoo-sem-sulfato-travel-size; mascara-condicionadora-travel-size; booster-definicao-ge-beauty-15ml; escova-polvo-ge-beauty; escova-oval-ge-beauty";ahead;;;kg;;2.18;active;;;;;;
bone-no-seu-tempo-do-seu-jeito;"boné ""no seu tempo, do seu jeito""";"<div><span>Boné ""No Seu Tempo, Do Seu Jeito"",  edição limitada em colaboração com A.MAR</span></div>
<div><span><br></span></div>
<div><span>Feito 100% de algodão com lavagem estonada de efeito jeans, ele reflete um estilo casual e autêntico. As cores reais dos bonés são apresentadas nas fotos do site, mas podem variar em redes sociais devido a filtros ou desgaste natural. Um acessório que combina conforto e personalidade, ideal para expressar seu estilo único em qualquer momento.</span></div>";GE Beauty;Apparel & Accessories > Clothing Accessories > Hats > Sun Hats;product;acessorio, avulso;VERDADEIRO;Title;Default Title;;;;;;;;AMAR2;61.0;shopify;deny;manual;190.00;;VERDADEIRO;VERDADEIRO;'074468516069;https://cdn.shopify.com/s/files/1/0807/8344/2240/files/BONE.jpg?v=1739415030;1;;FALSO;;;;;adult;;;;;;;;;;;;;;;edicao-limitada;;;;;;;;;;;;tamanho-unico;adultos;vermelho;algodao;;;;;;;;;;;;;;;unissex;;"booster-antifrizz; shampoo-sem-sulfato-travel-size; mascara-condicionadora-travel-size; booster-definicao-ge-beauty-15ml; escova-polvo-ge-beauty; escova-oval-ge-beauty";"caixa-para-presente-vermelha; booster-antifrizz; shampoo-sem-sulfato-travel-size; mascara-condicionadora-travel-size; booster-definicao-ge-beauty-15ml; escova-polvo-ge-beauty; escova-oval-ge-beauty";ahead;;;kg;;115.00;active;;;;;;
booster-antifrizz;booster antifrizz;<p><strong>Fios alinhados, protegidos e livres de frizz</strong><br>Um concentrado inteligente que controla o volume, protege do calor e mantém o cabelo macio e brilhante.</p>;GE Beauty;Health & Beauty > Personal Care > Hair Care > Hair Styling Products;product;antifrizz, avulso, booster, cabelos-cacheados, cabelos-crespos, cabelos-finos, cabelos-lisos, cabelos-ondulados, cabelos-porosos, formula, full-size, lancto2025, protecao-termica, protecao-uv, sem-volume;VERDADEIRO;Title;Default Title;;;;;;;;GEB 022;50.0;shopify;deny;manual;79.00;;VERDADEIRO;VERDADEIRO;'7896768412703;https://cdn.shopify.com/s/files/1/0807/8344/2240/files/GE-35560.jpg?v=1742578678;1;Booster antifrizz GE Beauty - sérum capilar para controle de frizz em todos os tipos de cabelo;FALSO;Booster Antifrizz GE Beauty | Fios Alinhados e Protegidos;Reduza frizz e volume com o Booster Antifrizz GE Beauty. Protege do calor, controla a umidade e mantém o brilho natural.;1901;;;;;;;;;;;;cabelo-alinhado-protegido-e-com-brilho-natural;;;descricao-longa-djbvzucr;15mL;lancamento;"posso-usar-o-booster-antifrizz-em-qualquer-tipo-de-cabelo; ele-pesa-ou-deixa-o-cabelo-oleoso; como-usar-para-proteger-do-calor; e-se-eu-quiser-so-dar-um-retoque-durante-o-dia; o-booster-ajuda-mesmo-com-umidade; o-que-sao-boosters; os-boosters-podem-ser-usados-com-qualquer-produto-da-linha; posso-usar-mais-de-um-booster-de-uma-vez; posso-usar-um-booster-sozinho-ou-seja-sem-mistura-lo-em-nenhum-produto";blinda os fios e reduz o frizz instantaneamente e por muito mais tempo;"Cachos definidos
Ondas naturais
Babyliss duradouro
Hidratado e com brilho";;;"Com frizz
Com química ou descoloridos";;"Cacheados
Crespos
Lisos
Ondulados
Equilibrados
Oleosos ou mistos
Desidratados
Finos";;;;;;;;;;"liso; normal; ondulado; encaracolado; dry";;;;;;;;;;;;unissex;;"primer-liso-intacto; primer-cachos-definidos; booster-antifrizz; shampoo-sem-sulfato-travel-size; mascara-condicionadora-travel-size; booster-definicao-ge-beauty-15ml; escova-polvo-ge-beauty; escova-oval-ge-beauty";"caixa-para-presente-vermelha; primer-liso-intacto; primer-cachos-definidos; booster-antifrizz; shampoo-sem-sulfato-travel-size; mascara-condicionadora-travel-size; booster-definicao-ge-beauty-15ml; escova-polvo-ge-beauty; escova-oval-ge-beauty";ahead;;;kg;;14.74;active;;;;;;
booster-antioxidante-ge-beauty-15ml;booster antioxidante;<p><strong>Prevenção do desbotamento e e vitalidade do fio, proteção solar e da poluição</strong><br>Um concentrado de ativos que combate danos diários e mantém o cabelo saudável e vibrante.</p>;GE Beauty;Health & Beauty > Personal Care > Hair Care;product;avulso, booster, cabelos-coloridos, cabelos-lisos, cabelos-ondulados, cabelos-quimicamente-tratados, couro-cabeludo, curva-c, formula, full-size, home-showcase-one, limpeza, produtos-menu, produtos-recomendados, produtos-relacionados, queda-quebra, sem-desconto, sensivel;VERDADEIRO;Title;Default Title;;;;;;;;GEB 023;50.0;shopify;deny;manual;59.00;75.00;VERDADEIRO;VERDADEIRO;'7896768471175;https://cdn.shopify.com/s/files/1/0807/8344/2240/files/1_674e2b61-b9a0-4d8b-82e5-fb434fb787c5.jpg?v=1739415066;1;Booster Antioxidante GE Beauty: Prevenção do desbotamento e e vitalidade do fio, proteção solar e da poluição;FALSO;Booster Antioxidante GE Beauty | Proteção e Fios Mais Vivos;Proteja seus fios com o Booster Antioxidante GE Beauty. Menos desbotamento, mais brilho e defesa contra raios UV e poluição.;;;;;;;;;;;;;fios-protegidos-cor-mais-viva-e-couro-cabeludo-saudavel;;;descricao-longa-7fr4ppa6;15mL;20-off;"tem-cheiro; deixa-o-cabelo-pesado-ou-oleoso; o-booster-antioxidante-e-indicado-para-todo-tipo-de-cabelo; pode-usar-em-cabelo-tingido; quantas-vezes-por-semana-devo-usar; o-que-sao-boosters; os-boosters-podem-ser-usados-com-qualquer-produto-da-linha; posso-usar-mais-de-um-booster-de-uma-vez; posso-usar-um-booster-sozinho-ou-seja-sem-mistura-lo-em-nenhum-produto";previne o desbotamento da cor e preserva a vitalidade dos fios;;;;;;;;'1;;;;;;;;"encaracolado; liso; ondulado";;;;;;liquid;;;;;;unissex;;"booster-antifrizz; shampoo-sem-sulfato-travel-size; mascara-condicionadora-travel-size; booster-definicao-ge-beauty-15ml; escova-polvo-ge-beauty; escova-oval-ge-beauty";"caixa-para-presente-vermelha; booster-antifrizz; shampoo-sem-sulfato-travel-size; mascara-condicionadora-travel-size; booster-definicao-ge-beauty-15ml; escova-polvo-ge-beauty; escova-oval-ge-beauty";ahead;;;kg;;17.55;active;"Seu cabelo também sofre com as agressões do dia a dia? Sol, poluição e até o calor do secador aceleram o desgaste e o desbotamento dos fios. O Booster Antioxidante GE Beauty é a dose extra de defesa que faltava no seu ritual.

Formulado com extrato de chá verde que protege contra agressões externas e mantém os fios saudáveis, pantenol que hidrata e fortalece a fibra capilar, e xilitol que ajuda a reequilibrar o couro cabeludo, prevenindo o ressecamento.

Ajuda a manter a vitalidade, a cor e o brilho natural do cabelo por muito mais tempo.";"Ingredientes do Booster Antioxidante GE Beauty                                                                                          Polluout: ativo à base de chá verde, pantenol (pró-vitamina B5) e xilitol (açúcar derivado do milho) que protege a fibra capilar reduzindo a aderência de partículas poluentes no fio. Possui uma ação protetora imediata contra luz solar, garantindo fios mais fortes e brilhantes, além de um couro cabeludo mais saudável.

Lista completa de ingredientes:
Aqua, Galactoarabinan, Salvia Hispanica Seed Extract, Glycerin, Trehalose, Xylitol, Panthenol, Camellia Sinensis Leaf Extract, Sodium Phosphate, Caprylyl Glycol.";"Como usar o Booster Antioxidante GE Beauty
SHAMPOO SEM SULFATO GE BEAUTY: de 3 a 7 gotas para aclamar o couro cabeludo sensível, ideal para cuidados pós-química.
MÁSCARA CONDICIONADORA GE BEAUTY: de 2 a 6 gotas para nutrir e proteger a vitalidade do fio.
LEAVE-IN COM PROTEÇÃO TÉRMICA GE BEAUTY: de 2 a 3 gotas para proteção UV e prevenção do desbotamento da coloração.
*Para obter resultados o Booster Antioxidante sempre deve ser adicionado a um produto GE Beauty em uma das fases de cuidados com os fios.";"{""type"":""root"",""children"":[{""listType"":""ordered"",""type"":""list"",""children"":[{""type"":""list-item"",""children"":[{""type"":""text"",""value"":""Pingue de 3 a 7 gotas no ""},{""url"":""https://gebeauty.com.br/products/shampoo-sem-sulfato-ge-beauty-250ml"",""title"":""Shampoo sem sulfato GE Beauty | Limpeza Suave e Fios Soltos"",""target"":""_blank"",""type"":""link"",""children"":[{""type"":""text"",""value"":""shampoo""}]},{""type"":""text"",""value"":"" para acalmar o couro cabeludo.""}]},{""type"":""list-item"",""children"":[{""type"":""text"",""value"":""Use de 2 a 6 gotas na ""},{""url"":""https://gebeauty.com.br/products/mascara-condicionadora-ge-beauty-200ml"",""title"":""Máscara condicionadora GE Beauty | Hidratação Intensa e Cabelo Sem Frizz"",""target"":""_blank"",""type"":""link"",""children"":[{""type"":""text"",""value"":""máscara""}]},{""type"":""text"",""value"":"" para nutrir e proteger o fio.""}]},{""type"":""list-item"",""children"":[{""type"":""text"",""value"":""Finalize com 2 a 3 gotas no ""},{""url"":""https://gebeauty.com.br/products/leave-in-com-protecao-termica-ge-beauty-150ml"",""title"":""Leave-in com proteção térmica GE Beauty | Proteção Térmica e Fios Leves"",""target"":""_blank"",""type"":""link"",""children"":[{""type"":""text"",""value"":""leave-in""}]},{""type"":""text"",""value"":"" para proteger dos raios UV e evitar o desbotamento.""}]}]}]}";"{""type"":""root"",""children"":[{""listType"":""unordered"",""type"":""list"",""children"":[{""type"":""list-item"",""children"":[{""type"":""text"",""value"":""Protege contra os danos solares e poluição""}]},{""type"":""list-item"",""children"":[{""type"":""text"",""value"":""Preserva a cor e o brilho, retardando o desbotamento""}]},{""type"":""list-item"",""children"":[{""type"":""text"",""value"":""Mantém a hidratação natural""}]},{""type"":""list-item"",""children"":[{""type"":""text"",""value"":""Deixa o couro cabeludo mais equilibrado""}]}]}]}";
booster-definicao-ge-beauty-15ml;booster definição;<p><strong>Volume, definição e textura natural por até 12 horas</strong><br>Um booster que realça, prolonga e protege a finalização sem pesar nos fios.</p>;GE Beauty;Health & Beauty > Personal Care > Hair Care > Hair Styling Products;product;antifrizz, avulso, booster, cabelos-cacheados, cabelos-crespos, cabelos-finos, cabelos-lisos, cabelos-ondulados, formula, full-size, protecao-termica, sem-volume;VERDADEIRO;Title;Default Title;;;;;;;;GEB 021;50.0;shopify;deny;manual;69.00;;VERDADEIRO;VERDADEIRO;'7896768471182;https://cdn.shopify.com/s/files/1/0807/8344/2240/files/1.jpg?v=1739415068;1;Booster definição GE Beauty - sérum capilar para definição de cachos e controle de volume;FALSO;Booster Definição GE Beauty | Volume e Textura Natural;Defina e prolongue a finalização por até 12h com o Booster Definição GE Beauty. Volume flexível, brilho e proteção contra umidade.;1901;;;;;;;;;;;;antes-e-depois-ygz0jqjx;;;descricao-longa-ecbx4sbf;15mL;mais-vendido-1;"o-que-sao-boosters; os-boosters-podem-ser-usados-com-qualquer-produto-da-linha; posso-usar-mais-de-um-booster-de-uma-vez; posso-usar-um-booster-sozinho-ou-seja-sem-mistura-lo-em-nenhum-produto; posso-usar-o-booster-definicao-sozinho-sem-misturar-em-outros-produtos; funciona-para-todos-os-tipos-de-cabelo; ele-deixa-o-cabelo-duro-ou-pesado; ajuda-a-controlar-o-frizz; posso-usar-com-secador-ou-difusor";potencializa textura natural e definição por 12h;;;;;;;;'8;;;;;;;;"encaracolado; dry; normal; liso; ondulado";;;;;;liquid;;;;;;;;"booster-antifrizz; shampoo-sem-sulfato-travel-size; mascara-condicionadora-travel-size; booster-definicao-ge-beauty-15ml; escova-polvo-ge-beauty; escova-oval-ge-beauty";"caixa-para-presente-vermelha; booster-antifrizz; shampoo-sem-sulfato-travel-size; mascara-condicionadora-travel-size; booster-definicao-ge-beauty-15ml; escova-polvo-ge-beauty; escova-oval-ge-beauty";ahead;;;kg;;15.51;active;"Quem quer definição e volume natural sabe como é difícil manter o cabelo bonito o dia todo, especialmente em dias úmidos.

O Booster Definição GE Beauty é um concentrado com chia que ajuda a manter os cachos definidos por mais tempo e reduz o frizz, linhaça que proporciona resistência e forma um filme que sustenta ondas e cachos naturais, e vitaminas e minerais que fortalecem a fibra capilar promovendo brilho e maciez.

Prolonga a finalização por até 12 horas, deixando o cabelo com movimento, toque macio e brilho natural.";"Ingredientes do Booster Definição GE Beauty

Wavemax®: fórmula à base de chia e linhaça com alto teor de vitaminas e minerais. Forma um filme resistente e flexível na fibra capilar que protege contra a umidade e alinha as cutículas do fio, garantindo mechas definidas por mais tempo.

Lista completa de ingredientes:
Aqua, Linum Usitatissimum Seed Extract, Salvia Hispanica Seed Extract, Benzyl Alcohol, Xylitol, Caprylic Acid.";"Como usar o Booster Definição GE Beauty
SOZINHO: você pode usá-lo sozinho como finalizador, aplique de 3 a 5 gotas no comprimento dos fios para prolongar a finalização escolhida por até 12h, ótimo para dar aquele retoque durante o dia.
SHAMPOO SEM SULFATO GE BEAUTY: de 3 a 7 gotas para limpeza com volume, para aqueles dias que você quer um cabelão.
MÁSCARA CONDICIONADORA GE BEAUTY: de 5 a 7 gotas para hidratar e dar volume.
LEAVE-IN COM PROTEÇÃO TÉRMICA GE BEAUTY: de 5 a 7 gotas (regule de acordo com o seu cabelo) para finalização com mais definição, proteção térmica e duração de até 12h.";"{""type"":""root"",""children"":[{""listType"":""ordered"",""type"":""list"",""children"":[{""type"":""list-item"",""children"":[{""type"":""text"",""value"":""Adicione de 3 a 7 gotas no ""},{""url"":""https://gebeauty.com.br/products/shampoo-sem-sulfato-ge-beauty-250ml"",""title"":""Shampoo sem sulfato GE Beauty | Limpeza Suave e Fios Soltos"",""target"":""_blank"",""type"":""link"",""children"":[{""type"":""text"",""value"":""shampoo""}]},{""type"":""text"",""value"":"" para limpar e dar volume.""}]},{""type"":""list-item"",""children"":[{""type"":""text"",""value"":""Misture 5 a 10 gotas na ""},{""url"":""https://gebeauty.com.br/products/mascara-condicionadora-ge-beauty-200ml"",""title"":""Máscara condicionadora GE Beauty | Hidratação Intensa e Cabelo Sem Frizz"",""target"":""_blank"",""type"":""link"",""children"":[{""type"":""text"",""value"":""máscara""}]},{""type"":""text"",""value"":"" para nutrir e dar volume ao fio.""}]},{""type"":""list-item"",""children"":[{""type"":""text"",""value"":""Use 5 a 10 gotas no ""},{""url"":""https://gebeauty.com.br/products/leave-in-com-protecao-termica-ge-beauty-150ml"",""title"":""Leave-in com proteção térmica GE Beauty | Proteção Térmica e Fios Leves"",""target"":""_blank"",""type"":""link"",""children"":[{""type"":""text"",""value"":""leave-in""}]},{""type"":""text"",""value"":"" ou puro, aplicando nas mãos e amassando no cabelo para finalizar com alta definição.""}]}]}]}";"{""type"":""root"",""children"":[{""listType"":""unordered"",""type"":""list"",""children"":[{""type"":""list-item"",""children"":[{""type"":""text"",""value"":""Mantém o volume e a definição por até 12 horas""}]},{""type"":""list-item"",""children"":[{""type"":""text"",""value"":""Realça a textura natural do fio, sem pesar""}]},{""type"":""list-item"",""children"":[{""type"":""text"",""value"":""Cria um escudo flexível que protege da umidade e controla o frizz""}]}]}]}";
booster-fortificante-ge-beauty-15ml;booster fortificante;<p><strong>Fios mais fortes, couro cabeludo saudável e menos queda</strong><br>Um concentrado que nutre, controla oleosidade e combate a quebra, para cabelos resistentes e cheios de vida.</p>;GE Beauty;Health & Beauty > Personal Care > Hair Care > Hair Loss Treatments;product;avulso, booster, cabelos-lisos, cabelos-oleosos, cabelos-ondulados, cabelos-porosos, couro-cabeludo, curva-c, forca-e-nutricao, formula, full-size, home-showcase-one, limpeza, queda-quebra, raiz-oleosa, sensivel;VERDADEIRO;Title;Default Title;;;;;;;;GEB 019;50.0;shopify;deny;manual;59.00;75.00;VERDADEIRO;VERDADEIRO;'7896768404715;https://cdn.shopify.com/s/files/1/0807/8344/2240/files/1_819a60ff-28e3-4973-ad7d-17b1394b1332.jpg?v=1739415079;1;Booster fortificante GE Beauty - Um concentrado que nutre, controla oleosidade e combate a quebra, para cabelos resistentes e cheios de vida.;FALSO;Booster Fortificante GE Beauty | Fios Fortes e Sem Quebra;Fortaleça seu cabelo com o Booster Fortificante GE Beauty. Menos quebra, couro cabeludo equilibrado e fios cheios de vida.;4766;;;;;;;;;;;;fios-mais-resistentes-couro-cabeludo-equilibrado-e-brilho-saudavel;;;descricao-longa-wsbsvuj1;15mL;20-off;"posso-usar-o-booster-fortificante-todos-os-dias; controla-oleosidade-mesmo; ajuda-mesmo-no-crescimento; posso-usar-so-no-comprimento; pesa-no-cabelo-fino; o-que-sao-boosters; os-boosters-podem-ser-usados-com-qualquer-produto-da-linha; posso-usar-mais-de-um-booster-de-uma-vez; posso-usar-um-booster-sozinho-ou-seja-sem-mistura-lo-em-nenhum-produto";controla a oleosidade e potencializa a nutrição;;;;;;;;;;;;;;;;;;;;;;;;;;;;unissex;topico;"booster-antifrizz; shampoo-sem-sulfato-travel-size; mascara-condicionadora-travel-size; booster-definicao-ge-beauty-15ml; escova-polvo-ge-beauty; escova-oval-ge-beauty";"caixa-para-presente-vermelha; booster-antifrizz; shampoo-sem-sulfato-travel-size; mascara-condicionadora-travel-size; booster-definicao-ge-beauty-15ml; escova-polvo-ge-beauty; escova-oval-ge-beauty";ahead;;;kg;;15.76;active;"Se seu cabelo está mais frágil, quebradiço ou caindo além do normal, o Booster Fortificante GE Beauty é o aliado perfeito.

Formulado com biotina que estimula o crescimento saudável e fortalece a fibra capilar, algas vermelhas que aumentam a resistência dos fios, e alcaçuz que possui ação calmante e protetora no couro cabeludo.

Age da raiz às pontas para deixar o cabelo forte, nutrido e com brilho natural.";"Ingredientes do Booster Fortificante GE Beauty                                                                                                         Biotina: Reestabelece o crescimento capilar. Ação preventiva contra a queda.
Algas vermelhas: preserva e fortalece a integridade da fibra.
Pantenol: vitamina B5, alta capacidade hidratante, nutre e condiciona.
Alcaçuz: adstringente e antiinflamatória, regula a secreção sebácea,
equilibrando a oleosidade.

Lista completa de ingredientes:
Aqua, Glycerin, Rose Extract, Glycyrrhiza Glabra (Licorice) Rhizome/Root, Cichorium Intybus (Chicory) Leaf Extract, Hydrolyzed Rhodophyceae Extract, Panthenol, Linoleic Acid, Xylitol, Caprylic Acid, Disodium EDTA, Caprylyl Glycol, Menthol, Biotin.";"Como usar o Booster Fortificante GE Beauty 
SHAMPOO SEM SULFATO GE BEAUTY: de 3 a 7 gotas para limpar controlando a oleosidade e prevenindo a queda (mínimo 3x na semana)
MÁSCARA CONDICIONADORA GE BEAUTY: de 2 a 5 gotas para tratamento de nutrição intensiva, deixando os fios mais fortes e evitando a quebra dos fios
LEAVE-IN COM PROTEÇÃO TÉRMICA GE BEAUTY: de 2 a 3 gotas para finalizar com nutrição extra, prevenindo a quebra.
*Para obter resultados o Booster Fortificante sempre deve ser adicionado a um produto GE Beauty em uma das fases de cuidados com os fios.";"{""type"":""root"",""children"":[{""listType"":""ordered"",""type"":""list"",""children"":[{""type"":""list-item"",""children"":[{""type"":""text"",""value"":""Pingue 3 a 7 gotas no ""},{""url"":""https://gebeauty.com.br/products/shampoo-sem-sulfato-ge-beauty-250ml"",""title"":""Shampoo sem sulfato GE Beauty | Limpeza Suave e Fios Soltos"",""target"":""_blank"",""type"":""link"",""children"":[{""type"":""text"",""value"":""shampoo""}]},{""type"":""text"",""value"":"", pelo menos 3x na semana, para controlar oleosidade e auxiliar na queda.""}]},{""type"":""list-item"",""children"":[{""type"":""text"",""value"":""Use 3 a 6 gotas na ""},{""url"":""https://gebeauty.com.br/products/mascara-condicionadora-ge-beauty-200ml"",""title"":""Máscara condicionadora GE Beauty | Hidratação Intensa e Cabelo Sem Frizz"",""target"":""_blank"",""type"":""link"",""children"":[{""type"":""text"",""value"":""máscara""}]},{""type"":""text"",""value"":"" para um tratamento de nutrição intensiva.""}]},{""type"":""list-item"",""children"":[{""type"":""text"",""value"":""Finalize com 2 a 3 gotas no ""},{""url"":""https://gebeauty.com.br/products/leave-in-com-protecao-termica-ge-beauty-150ml"",""title"":""Leave-in com proteção térmica GE Beauty | Proteção Térmica e Fios Leves"",""target"":""_blank"",""type"":""link"",""children"":[{""type"":""text"",""value"":""leave-in""}]},{""type"":""text"",""value"":"" para dar brilho e manter os fios protegidos.""}]}]}]}";"{""type"":""root"",""children"":[{""listType"":""unordered"",""type"":""list"",""children"":[{""type"":""list-item"",""children"":[{""type"":""text"",""value"":""Cabelo mais forte e resistente, com menos quebra""}]},{""type"":""list-item"",""children"":[{""type"":""text"",""value"":""Couro cabeludo equilibrado e saudável""}]},{""type"":""list-item"",""children"":[{""type"":""text"",""value"":""Brilho e maciez visíveis, sem pesar""}]}]}]}";
booster-hidratante-ge-beauty-15ml;booster hidratante;<p><strong>Hidratação intensa, maciez e brilho sem pesar</strong><br>Um concentrado que restaura a saúde dos fios, melhora a penteabilidade e acalma o couro cabeludo.</p>;GE Beauty;Health & Beauty > Personal Care > Hair Care > Hair Styling Products;product;avulso, booster, cabelos-finos, cabelos-lisos, cabelos-ondulados, cabelos-porosos, cabelos-quimicamente-tratados, cabelos-secos, formula, full-size, hidratacao, home-showcase-one, hydra, produtos-menu, produtos-recomendados, produtos-relacionados, queda-quebra, sem-desconto, sem-volume;VERDADEIRO;Title;Default Title;;;;;;;;GEB 020;50.0;shopify;deny;manual;69.00;;VERDADEIRO;VERDADEIRO;'7896768471168;https://cdn.shopify.com/s/files/1/0807/8344/2240/files/1_78023f00-8e3b-402d-a697-86d5b3c53fa4.jpg?v=1739415071;1;Booster hidratante GE Beauty - sérum capilar para hidratação intensa e brilho natural;FALSO;Booster Hidratante GE Beauty | Hidratação e Maciez Prolongada;Hidrate profundamente seus fios com o Booster Hidratante GE Beauty. Brilho, maciez e controle do frizz para todos os tipos de cabelo.;1901;;;;;;;;;;;;fios-mais-hidratados-macios-e-luminosos;;;descricao-longa-trsudb8e;15mL;;"posso-usar-o-booster-hidratante-todos-os-dias; pesa-em-cabelo-fino; serve-para-todos-os-tipos-de-cabelo; da-para-usar-sozinho-como-finalizador; posso-aplicar-no-couro-cabeludo; o-que-sao-boosters; os-boosters-podem-ser-usados-com-qualquer-produto-da-linha; posso-usar-mais-de-um-booster-de-uma-vez; posso-usar-um-booster-sozinho-ou-seja-sem-mistura-lo-em-nenhum-produto";potencializa hidratação, brilho e maciez;;;;;;;;'1;;;;;;;;"dry; encaracolado; liso; ondulado";;;;;;;;;;;;;;"booster-antifrizz; shampoo-sem-sulfato-travel-size; mascara-condicionadora-travel-size; booster-definicao-ge-beauty-15ml; escova-polvo-ge-beauty; escova-oval-ge-beauty";"caixa-para-presente-vermelha; booster-antifrizz; shampoo-sem-sulfato-travel-size; mascara-condicionadora-travel-size; booster-definicao-ge-beauty-15ml; escova-polvo-ge-beauty; escova-oval-ge-beauty";ahead;;;kg;;13.99;active;"Se o seu cabelo está áspero, sem vida ou difícil de desembaraçar, o Booster Hidratante GE Beauty é o cuidado que ele precisa.

Com óleo de macadâmia que nutre profundamente e devolve a maciez aos fios, óleo de girassol com vitamina E que ajuda a proteger contra o ressecamento e mantém a suavidade, e óleo de gergelim que fortalece a fibra capilar e cria um filme nutritivo, garantindo fios sedosos e com brilho.

Proporciona uma hidratação intensa, maciez e brilho sem pesar.";"Ingredientes do Booster Hidratante GE Beauty
• Ômega plus: uma sinergia dos óleos de semente de girassol, macadâmia, oliva, gergelim e milho, ricos em ômega 3, 6, 7 e 9. Esses componentes são importantes para devolver a emoliência e hidratação perdidas nos processos de lavagem e nos danos do dia a dia. Também dá brilho e maciez, além de facilitar o desembaraço nos cabelos úmidos.

Lista completa de ingredientes:
Helianthus Annuus Seed Oil, Zea Mays Oil, Sesamum Indicum Seed Oil, Macadamia Integrifolia Seed Oil, Olea Europaea Fruit Oil, TBHQ.";"Como usar o Booster Hidratante GE Beauty:

SOZINHO: você pode usá-lo sozinho como finalizador, para mais brilho e hidratação das pontas.
SHAMPOO SEM SULFATO GE BEAUTY: para limpar com hidratação extra.
MÁSCARA CONDICIONADORA GE BEAUTY: para tratamento de hidratação intensiva.
LEAVE-IN COM PROTEÇÃO TÉRMICA GE BEAUTY: Para finalizar com mais hidratação, proteção térmica e brilho.";"{""type"":""root"",""children"":[{""listType"":""ordered"",""type"":""list"",""children"":[{""type"":""list-item"",""children"":[{""type"":""text"",""value"":""Pingue 3 a 9 gotas no ""},{""url"":""https://gebeauty.com.br/products/shampoo-sem-sulfato-ge-beauty-250ml"",""title"":""Shampoo sem sulfato GE Beauty | Limpeza Suave e Fios Soltos"",""target"":""_blank"",""type"":""link"",""children"":[{""type"":""text"",""value"":""shampoo""}]},{""type"":""text"",""value"":"" para limpar com hidratação extra.""}]},{""type"":""list-item"",""children"":[{""type"":""text"",""value"":""Misture 3 a 6 gotas na ""},{""url"":""https://gebeauty.com.br/products/mascara-condicionadora-ge-beauty-200ml"",""title"":""Máscara condicionadora GE Beauty | Hidratação Intensa e Cabelo Sem Frizz"",""target"":""_blank"",""type"":""link"",""children"":[{""type"":""text"",""value"":""máscara""}]},{""type"":""text"",""value"":"" para um tratamento intensivo.""}]},{""type"":""list-item"",""children"":[{""type"":""text"",""value"":""Finalize com 2 a 3 gotas no ""},{""url"":""https://gebeauty.com.br/products/leave-in-com-protecao-termica-ge-beauty-150ml"",""title"":""Leave-in com proteção térmica GE Beauty | Proteção Térmica e Fios Leves"",""target"":""_blank"",""type"":""link"",""children"":[{""type"":""text"",""value"":""leave-in""}]},{""type"":""text"",""value"":"", ou aplique puro direto nos fios, para mais brilho e controle do frizz.""}]}]}]}";"{""type"":""root"",""children"":[{""listType"":""unordered"",""type"":""list"",""children"":[{""type"":""list-item"",""children"":[{""type"":""text"",""value"":""Fios profundamente hidratados e com elasticidade recuperada""}]},{""type"":""list-item"",""children"":[{""type"":""text"",""value"":""Toque macio e brilho intenso, sem pesar""}]},{""type"":""list-item"",""children"":[{""type"":""text"",""value"":""Cabelo mais fácil de desembaraçar, com movimento natural""}]}]}]}";
caixa-para-presente-vermelha;Adicione uma caixa de presente;"<p><strong>Caixa para presente vermelha GE Beauty</strong></p>
<p><br>Transforme o Natal em um momento ainda mais especial. Personalize a Caixa Vermelha GE Beauty com os produtos ideais e monte o kit perfeito para presentear quem você ama.</p>
<p>Medida: 29,4 x 8 x 18,40</p>";GE Beauty;Arts & Entertainment > Party & Celebration > Gift Giving > Gift Wrapping > Gift Boxes & Tins;product;acessorio, avulso;FALSO;Title;Default Title;;;;;;;;CX-PRSTGE001;0.0;shopify;deny;manual;5.00;15.00;VERDADEIRO;VERDADEIRO;'074468529670;https://cdn.shopify.com/s/files/1/0807/8344/2240/files/ge-29740_1.jpg?v=1739415038;1;;FALSO;;;;;;;;;;;;;;;;;;;;;;;;;;;;;;;;;;vermelho;;;;;;;papel;;;;;;retangular;;;;;"booster-antifrizz; shampoo-sem-sulfato-travel-size; mascara-condicionadora-travel-size; booster-definicao-ge-beauty-15ml; escova-polvo-ge-beauty; escova-oval-ge-beauty";"caixa-para-presente-vermelha; booster-antifrizz; shampoo-sem-sulfato-travel-size; mascara-condicionadora-travel-size; booster-definicao-ge-beauty-15ml; escova-polvo-ge-beauty; escova-oval-ge-beauty";ahead;;;kg;;;active;;;;;;
caixa-para-presente-vermelha-1;Caixa para presente vermelha;"<p><strong>Caixa para presente vermelha GE Beauty</strong></p>
<p><br>Transforme o Natal em um momento ainda mais especial. Personalize a Caixa Vermelha GE Beauty com os produtos ideais e monte o kit perfeito para presentear quem você ama.</p>
<p>Medida: 29,4 x 8 x 18,40</p>";GE Beauty;Arts & Entertainment > Party & Celebration > Gift Giving > Gift Wrapping > Gift Boxes & Tins;product;acessorio, avulso;VERDADEIRO;Title;Default Title;;;;;;;;CX-PRSTGE001;61.0;shopify;deny;manual;15.00;;VERDADEIRO;VERDADEIRO;'074468529670;https://cdn.shopify.com/s/files/1/0807/8344/2240/files/ge-29740_1.jpg?v=1739415038;1;;FALSO;;;;;;;;;;;;;;;;;;;;;;;;;;;;;;;;;;vermelho;;;;;;;papel;;;;;;retangular;;;;;"booster-antifrizz; shampoo-sem-sulfato-travel-size; mascara-condicionadora-travel-size; booster-definicao-ge-beauty-15ml; escova-polvo-ge-beauty; escova-oval-ge-beauty";"booster-antifrizz; shampoo-sem-sulfato-travel-size; mascara-condicionadora-travel-size; booster-definicao-ge-beauty-15ml; escova-polvo-ge-beauty; escova-oval-ge-beauty";ahead;;;kg;;9.44;active;;;;;;
cartao-presente;Cartão presente;"<p>Um cuidado que se transforma em escolha.</p>
<p>Não sabe qual produto escolher? Não tem problema!</p>
<p>Com o <strong>Cartão Presente GE Beauty</strong>, você escolhe o valor e quem recebe escolhe como se cuidar — no seu tempo, do seu jeito.</p>
<p>É o presente perfeito para dizer “pensei em você”, sem tentar adivinhar qual o tipo de cabelo, rotina ou necessidade. Pode ser usado em qualquer produto da nossa loja: shampoos, boosters, acessórios e mais.</p>
<p>✨ Disponível nos valores: R$50, R$100 e R$250.</p>
<p>Mais que um presente: um convite ao bem-estar.</p>";GE Beauty;Gift Cards;product;avulso;VERDADEIRO;Denominações;R$50,00;;;;;;;;gift50;0.0;shopify;deny;gift_card;50.00;;FALSO;FALSO;;https://cdn.shopify.com/s/files/1/0807/8344/2240/files/MOCKUP_APOIO.png?v=1747676849;1;;VERDADEIRO;;;;;;;;;;;;;;;;;;;;;;Cuidado no tempo de quem recebe;;;;;;;;;;;;;;;;;;;;;;;;;;;;;;"booster-antifrizz; shampoo-sem-sulfato-travel-size; mascara-condicionadora-travel-size; booster-definicao-ge-beauty-15ml; escova-polvo-ge-beauty; escova-oval-ge-beauty";"caixa-para-presente-vermelha; booster-antifrizz; shampoo-sem-sulfato-travel-size; mascara-condicionadora-travel-size; booster-definicao-ge-beauty-15ml; escova-polvo-ge-beauty; escova-oval-ge-beauty";ahead;;;kg;;12.00;active;;;;;;
charm-bag-leave-in;charm bag - travel size - leave-in;"<p><strong>Seu ritual de cuidado sempre à mão.</strong></p>
<h4><span data-sheets-root=""1"" data-sheets-value='{""1"":2,""2"":""O nosso Shampoo sem sulfato promove:                                                                 * Limpeza suave com uma espuma hidratante abundante\n* Não resseca os fios nem agride o couro cabeludo\n* Cabelo limpo, hidratado e macio \n* Evita o desbotamento da coloração\n* Fragrância suave de melão e peônias\n* Formula clean liberada para low poo e no poo\n* Para todos os tipos de cabelo""}' data-sheets-userformat='{""2"":11137,""3"":{""1"":0},""10"":1,""11"":4,""12"":0,""14"":{""1"":2,""2"":0},""16"":11}' style=""font-size: 11pt; font-style: normal;"">50mL</span></h4>
<p>Nosso clássico Leave-in agora em um formato ainda mais prático e fashionista: um chaveiro para pendurar na bolsa e ter sempre por perto. Com fórmula clean e textura ultraleve, sela as cutículas, protege do calor das ferramentas capilares e conserva a hidratação natural dos fios — perfeito para retocar o cuidado ao longo do dia, onde quer que você esteja.</p>
<h2><span data-sheets-userformat='{""2"":11137,""3"":{""1"":0},""10"":1,""11"":4,""12"":0,""14"":{""1"":2,""2"":0},""16"":11}' data-sheets-value='{""1"":2,""2"":""O nosso Shampoo sem sulfato promove:                                                                 * Limpeza suave com uma espuma hidratante abundante\n* Não resseca os fios nem agride o couro cabeludo\n* Cabelo limpo, hidratado e macio \n* Evita o desbotamento da coloração\n* Fragrância suave de melão e peônias\n* Formula clean liberada para low poo e no poo\n* Para todos os tipos de cabelo""}' data-sheets-root=""1"" style=""font-size: 11pt; font-style: normal;"">Com extrato de chia e trehalose</span></h2>
<div class=""product__description rte quick-add-hidden"">
<ul>
<li><span data-sheets-userformat='{""2"":11137,""3"":{""1"":0},""10"":1,""11"":4,""12"":0,""14"":{""1"":2,""2"":0},""16"":11}' data-sheets-value='{""1"":2,""2"":""O Leave-In com proteção térmica GE Beauty sela a cutícula, protege do calor das ferramentas, preservando os lipidios (proteínas) + a hidratação natural do cabelo e conservando a saúde do fio. Além disso, entrega hidratação extra e diminui em 25 graus o impacto do calor no fio.\r\n\r\n•\tProteção contra danos térmicos formando uma barreira protetora que não pesa nos fios;\r\n•\tReduz a quebra fortalecendo os fios e preservando a integridade da cutícula capilar.\r\n•\tHidratação Intensa pois contêm ingredientes hidratantes que ajudam a reter a umidade no cabelo. \r\nNão acumula resíduos: textura leve e fórmula limpa.\r""}' data-sheets-root=""1"" style=""font-size: 11pt; font-style: normal;"">Sela a cutícula e protege do calor das ferramentas capilares</span></li>
<li><span data-sheets-root=""1"" data-sheets-value='{""1"":2,""2"":""O Leave-In com proteção térmica GE Beauty sela a cutícula, protege do calor das ferramentas, preservando os lipidios (proteínas) + a hidratação natural do cabelo e conservando a saúde do fio. Além disso, entrega hidratação extra e diminui em 25 graus o impacto do calor no fio.\r\n\r\n•\tProteção contra danos térmicos formando uma barreira protetora que não pesa nos fios;\r\n•\tReduz a quebra fortalecendo os fios e preservando a integridade da cutícula capilar.\r\n•\tHidratação Intensa pois contêm ingredientes hidratantes que ajudam a reter a umidade no cabelo. \r\nNão acumula resíduos: textura leve e fórmula limpa.\r""}' data-sheets-userformat='{""2"":11137,""3"":{""1"":0},""10"":1,""11"":4,""12"":0,""14"":{""1"":2,""2"":0},""16"":11}' style=""font-size: 11pt; font-style: normal;"">Diminui em 25ºC o impacto do calor no fio</span></li>
<li><span data-sheets-userformat='{""2"":11137,""3"":{""1"":0},""10"":1,""11"":4,""12"":0,""14"":{""1"":2,""2"":0},""16"":11}' data-sheets-value='{""1"":2,""2"":""O Leave-In com proteção térmica GE Beauty sela a cutícula, protege do calor das ferramentas, preservando os lipidios (proteínas) + a hidratação natural do cabelo e conservando a saúde do fio. Além disso, entrega hidratação extra e diminui em 25 graus o impacto do calor no fio.\r\n\r\n•\tProteção contra danos térmicos formando uma barreira protetora que não pesa nos fios;\r\n•\tReduz a quebra fortalecendo os fios e preservando a integridade da cutícula capilar.\r\n•\tHidratação Intensa pois contêm ingredientes hidratantes que ajudam a reter a umidade no cabelo. \r\nNão acumula resíduos: textura leve e fórmula limpa.\r""}' data-sheets-root=""1"" style=""font-size: 11pt; font-style: normal;"">Preserva lipídios (gordura) e a hidratação natural do cabelo</span></li>
<li>
<span data-sheets-userformat='{""2"":11137,""3"":{""1"":0},""10"":1,""11"":4,""12"":0,""14"":{""1"":2,""2"":0},""16"":11}' data-sheets-value='{""1"":2,""2"":""O Leave-In com proteção térmica GE Beauty sela a cutícula, protege do calor das ferramentas, preservando os lipidios (proteínas) + a hidratação natural do cabelo e conservando a saúde do fio. Além disso, entrega hidratação extra e diminui em 25 graus o impacto do calor no fio.\r\n\r\n•\tProteção contra danos térmicos formando uma barreira protetora que não pesa nos fios;\r\n•\tReduz a quebra fortalecendo os fios e preservando a integridade da cutícula capilar.\r\n•\tHidratação Intensa pois contêm ingredientes hidratantes que ajudam a reter a umidade no cabelo. \r\nNão acumula resíduos: textura leve e fórmula limpa.\r""}' data-sheets-root=""1"" style=""font-size: 11pt; font-style: normal;"">Conserva a saúde do fio e e</span><span data-sheets-userformat='{""2"":11137,""3"":{""1"":0},""10"":1,""11"":4,""12"":0,""14"":{""1"":2,""2"":0},""16"":11}' data-sheets-value='{""1"":2,""2"":""O Leave-In com proteção térmica GE Beauty sela a cutícula, protege do calor das ferramentas, preservando os lipidios (proteínas) + a hidratação natural do cabelo e conservando a saúde do fio. Além disso, entrega hidratação extra e diminui em 25 graus o impacto do calor no fio.\r\n\r\n•\tProteção contra danos térmicos formando uma barreira protetora que não pesa nos fios;\r\n•\tReduz a quebra fortalecendo os fios e preservando a integridade da cutícula capilar.\r\n•\tHidratação Intensa pois contêm ingredientes hidratantes que ajudam a reter a umidade no cabelo. \r\nNão acumula resíduos: textura leve e fórmula limpa.\r""}' data-sheets-root=""1"" style=""font-size: 11pt; font-style: normal;"">ntrega hidratação extra</span>
</li>
<li><span data-sheets-userformat='{""2"":11137,""3"":{""1"":0},""10"":1,""11"":4,""12"":0,""14"":{""1"":2,""2"":0},""16"":11}' data-sheets-value='{""1"":2,""2"":""O Leave-In com proteção térmica GE Beauty sela a cutícula, protege do calor das ferramentas, preservando os lipidios (proteínas) + a hidratação natural do cabelo e conservando a saúde do fio. Além disso, entrega hidratação extra e diminui em 25 graus o impacto do calor no fio.\r\n\r\n•\tProteção contra danos térmicos formando uma barreira protetora que não pesa nos fios;\r\n•\tReduz a quebra fortalecendo os fios e preservando a integridade da cutícula capilar.\r\n•\tHidratação Intensa pois contêm ingredientes hidratantes que ajudam a reter a umidade no cabelo. \r\nNão acumula resíduos: textura leve e fórmula limpa.\r""}' data-sheets-root=""1"" style=""font-size: 11pt; font-style: normal;"">Não acumula resíduos: textura leve e fórmula limpa</span></li>
</ul>
</div>
<p>Vegano | Sem parabenos | Dermatologicamente testado</p>
<h2>
<span data-sheets-userformat='{""2"":11137,""3"":{""1"":0},""10"":1,""11"":4,""12"":0,""14"":{""1"":2,""2"":0},""16"":11}' data-sheets-value='{""1"":2,""2"":""O nosso Shampoo sem sulfato promove:                                                                 * Limpeza suave com uma espuma hidratante abundante\n* Não resseca os fios nem agride o couro cabeludo\n* Cabelo limpo, hidratado e macio \n* Evita o desbotamento da coloração\n* Fragrância suave de melão e peônias\n* Formula clean liberada para low poo e no poo\n* Para todos os tipos de cabelo""}' data-sheets-root=""1"" style=""font-size: 11pt; font-style: normal;""></span><br>
</h2>
<div class=""product__description rte quick-add-hidden"">
<p> </p>
</div>";GE Beauty;Health & Beauty > Personal Care > Hair Care;product;acessorio, avulso, cabelos-cacheados, cabelos-crespos, cabelos-lisos, cabelos-ondulados, cabelos-porosos, cabelos-quimicamente-tratados, formula, travel-size;VERDADEIRO;Title;Default Title;;;;;;;;GEB 111;61.0;shopify;deny;manual;59.00;;VERDADEIRO;VERDADEIRO;'042882214281;https://cdn.shopify.com/s/files/1/0807/8344/2240/files/FOTOCAMI.png?v=1745961247;1;Charm bag com travel size leave-in GE Beauty - necessaire com produto tamanho viagem;FALSO;;;;;;;;;;;;;;;;;;descricao-longa-7h5bhgpl;50mL;;;protege contra danos térmicos e hidrata;;;;;;;;;;;;;;;;;;;;;;;;;;;;feminino;;"booster-antifrizz; shampoo-sem-sulfato-travel-size; mascara-condicionadora-travel-size; booster-definicao-ge-beauty-15ml; escova-polvo-ge-beauty; escova-oval-ge-beauty";"caixa-para-presente-vermelha; booster-antifrizz; shampoo-sem-sulfato-travel-size; mascara-condicionadora-travel-size; booster-definicao-ge-beauty-15ml; escova-polvo-ge-beauty; escova-oval-ge-beauty";ahead;;;kg;;;active;"Quem usa ferramentas de calor sabe o quanto é fácil perder o brilho e deixar o cabelo áspero e sem vida. O Finalizador Leave-in GE Beauty possui proteção térmica de até 230ºC e textura em creme (mais densa), finalizando e hidratando os fios.

Sua fórmula combina extrato de chia que forma um filme protetor reduzindo o frizz e ajudando a preservar a hidratação, trealose que protege contra danos térmicos e preserva a umidade dentro da fibra capilar, e proteína de seda que promove maciez e brilho extra.

O resultado? Fios alinhados, protegidos e sedosos, prontos para encarar o calor sem medo.";"Ingredientes do LeaveÍn com proteção térmica GE Beauty                                                                               • Thermoshield premium: ativo a base de sálvia, trehalose (açúcar natural) e xilitol (açúcar derivado do milho). Retém a umidade dentro da fibra capilar e forma uma barreira protetora que protege os fios dos danos provocados pelo calor. Além disso, também garante uma modelagem (escova, chapinha, baby liss) de longa duração.
• Sensactive veg: ativo à base de manteiga de murumuru e de cupuaçu. Em contato com a pele, aumenta a produção de beta-endorfinas e encefalinas, neurotransmissores que promovem uma sensação de prazer e bem-estar. Tudo pra deixar seu banho ainda mais gostoso!
• Sensoveil soft: ativo à base de crambe, óleo de girassol e óleo de abacate. Forma um filme na fibra capilar que proporciona brilho, maciez e penteabilidade aos fios sem acumular resíduos.
• Hebeatol® plus: conservante antimicrobiano formulado à base de xilitol (açúcar derivado do milho) que previne a presença de bactérias e fungos no produto.

Lista completa de ingredientes: Cetearyl Alcohol, Cetyl Alcohol, Astrocaryum Murumuru Seed Butter, Palm Alcohol, Theobroma Grandiflorum Seed Butter, Lecithin, Phytosteryl Canolate, Tocopherol, Ethyl Linoleate, Ethyl Oleate, Crambe Abyssinica Seed Oil, Helianthus Annuus Seed Oil, Persea Gratissima Oil, Pentaerythrityl Tetra-Di-T-Butyl Hydroxyhydrocinnamate, Ceteareth-20, Aqua, Cetrimonium Chloride, Glycerin, Citric Acid, Salvia Hispanica Seed Extract, Trehalose, Xylitol, Caprylyl/Capryl Glucoside, Sorbitan Oleate, Polyquaternium-37, Sodium Phosphate, Benzyl Alcohol, Caprylic Acid, Xylityl Sesquicaprylate, Parfum, Benzyl Benzoate, Citral, Citronellol, Geraniol, Hexyl Cinnamal, Hydroxycitronellal, Limonene, Linalool.";"Como usar o Leave-In com proteção térmica GE Beauty 
Aplique o Shampoo puro nos fios para limpar profundamente do couro cabeludo às pontas, enxágue. Você também pode adicionar algumas gotas de até dois Boosters GE Beauty para potencializar seu tratamento de acordo com as necessidades do seu cabelo.
BOOSTER FORTIFICANTE: de 2 a 3 gotas para finalizar com nutrição extra e fios saudáveis.
BOOSTER ANTIOXIDANTE: de 2 a 3 gotas para proteção UV e prevenção do desbotamento da coloração.
BOOSTER HIDRATANETE: de 2 a 3 gotas para finalizar com mais brilho.
BOOSTER DEFINIÇÃO: de 5 a 7 gotas (regule de acordo com o seu cabelo) para finalização com mais definição, proteção térmica e duração de até 12h.
Sinta-se livre para testar sua própria fórmula e modos de aplicação e descobrir o que é melhor para o seu cabelo!";"{""type"":""root"",""children"":[{""listType"":""ordered"",""type"":""list"",""children"":[{""type"":""list-item"",""children"":[{""type"":""text"",""value"":""Aplique nos cabelos úmidos, do comprimento às pontas, antes de secar ou modelar.""}]},{""type"":""list-item"",""children"":[{""type"":""text"",""value"":""Finalize como desejar: com secador, chapinha, babyliss ou deixe secar naturalmente.""}]},{""type"":""list-item"",""children"":[{""type"":""text"",""value"":""Use também no dia a dia para controlar o frizz e dar mais maciez.""}]},{""type"":""list-item"",""children"":[{""type"":""text"",""value"":""Complemente com um dos nossos  ""},{""url"":""https://gebeauty.com.br/collections/guia-pratico-dos-boosters"",""title"":""Boosters GE Beauty | Personalize Seu Cuidado Capilar e Potencialize Resultados"",""target"":""_blank"",""type"":""link"",""children"":[{""type"":""text"",""value"":""boosters""}]},{""type"":""text"",""value"":""  para resultados mais potentes.""}]}]}]}";"{""type"":""root"",""children"":[{""listType"":""unordered"",""type"":""list"",""children"":[{""type"":""list-item"",""children"":[{""type"":""text"",""value"":""Fios protegidos contra altas temperaturas""}]},{""type"":""list-item"",""children"":[{""type"":""text"",""value"":""Menos frizz e acabamento leve, sem rigidez""}]},{""type"":""list-item"",""children"":[{""type"":""text"",""value"":""Maciez e brilho extra, com movimento natural""}]}]}]}";
cubeta;cubeta;;GE Beauty;Health & Beauty > Personal Care > Hair Care;product;avulso;VERDADEIRO;Title;Default Title;;;;;;;;GE404VR;61.0;shopify;deny;manual;15.00;;VERDADEIRO;VERDADEIRO;'7898398848204;https://cdn.shopify.com/s/files/1/0807/8344/2240/files/GE404VR-Cubeta-Copia.png?v=1739415061;1;;FALSO;;;;;;;;;;;;;;;;;;;;;;;;;;;;;;;;;;;;;;;;;;;;;;;;;;;;"booster-antifrizz; shampoo-sem-sulfato-travel-size; mascara-condicionadora-travel-size; booster-definicao-ge-beauty-15ml; escova-polvo-ge-beauty; escova-oval-ge-beauty";"caixa-para-presente-vermelha; booster-antifrizz; shampoo-sem-sulfato-travel-size; mascara-condicionadora-travel-size; booster-definicao-ge-beauty-15ml; escova-polvo-ge-beauty; escova-oval-ge-beauty";ahead;;;kg;;3.48;active;;;;;;
escova-oval-ge-beauty;escova oval;<p><strong>Desembaraço suave e cuidado que massageia</strong><br>Cerdas firmes que não machucam e pontas arredondadas que ativam a circulação ao desembaraçar. Para fios soltos e couro cabeludo confortável.</p>;GE Beauty;Health & Beauty > Personal Care > Hair Care > Hair Styling Tools > Combs & Brushes;product;acessorio, avulso, cabelos-secos, home-showcase-one, sem-desconto;VERDADEIRO;Title;Default Title;;;;;;;;'7671;70.0;shopify;deny;manual;39.00;;VERDADEIRO;VERDADEIRO;'7896025537286;https://cdn.shopify.com/s/files/1/0807/8344/2240/products/22_12_3_378_Kitsnatal_sitebranco_comdesconto6.jpg?v=1739415082;1;Escova oval GE Beauty para modelar e alisar os cabelos com menos frizz;FALSO;Escova Oval GE Beauty | Desembaraço Suave e Massagem Capilar;Escova Oval GE Beauty desembaraça com cerdas firmes e massageia com pontas arredondadas. Cuidar dos fios nunca foi tão confortável.;;;;;;;;;;;;;desembaraco-suave-e-couro-cabeludo-estimulado;;;descricao-longa-l0r3jt3o;;;"a-escova-oval-ge-beauty-pode-ser-usada-em-cabelo-molhado; a-escova-oval-ge-beauty-machuca-o-couro-cabeludo; a-escova-oval-ge-beauty-substitui-a-fitagem";Desembaraça e massageia o couro cabeludo;;;;;;;;;;;;;;;;;;;;;;;;;;;;;;"booster-antifrizz; shampoo-sem-sulfato-travel-size; mascara-condicionadora-travel-size; booster-definicao-ge-beauty-15ml; escova-polvo-ge-beauty; escova-oval-ge-beauty";"caixa-para-presente-vermelha; booster-antifrizz; shampoo-sem-sulfato-travel-size; mascara-condicionadora-travel-size; booster-definicao-ge-beauty-15ml; escova-polvo-ge-beauty; escova-oval-ge-beauty";ahead;;;kg;;15.00;active;A Escova Oval GE Beauty foi pensada para desembaraçar de forma eficaz e sem agredir, em qualquer tipo de cabelo, seco ou molhado. Com cerdas firmes que respeitam o couro cabeludo e pontas arredondadas que massageiam e estimulam a circulação, ela facilita a definição sem necessidade de fitagem.;;;"{""type"":""root"",""children"":[{""listType"":""ordered"",""type"":""list"",""children"":[{""type"":""list-item"",""children"":[{""type"":""text"",""value"":""Use nos cabelos secos ou molhados, mecha a mecha.""}]},{""type"":""list-item"",""children"":[{""type"":""text"",""value"":""Deslize suavemente da raiz às pontas, massageando o couro cabeludo.""}]},{""type"":""list-item"",""children"":[{""type"":""text"",""value"":""Combine com leave-in ou booster para potencializar definição e movimento.""}]}]}]}";"{""type"":""root"",""children"":[{""listType"":""unordered"",""type"":""list"",""children"":[{""type"":""list-item"",""children"":[{""type"":""text"",""value"":""desembaraço rápido e suave, sem dor""}]},{""type"":""list-item"",""children"":[{""type"":""text"",""value"":""couros cabeludos massageados e estimulados""}]},{""type"":""list-item"",""children"":[{""type"":""text"",""value"":""definição natural sem fitagem\n""}]}]}]}";
escova-polvo-ge-beauty;escova polvo;<p><strong>Desembaraço suave e movimento natural dos cachos</strong><br>Cerdas flexíveis e formato curvo que deslizam sem pesar e dão definição delicada aos fios</p>;GE Beauty;Health & Beauty > Personal Care > Hair Care > Hair Styling Tools > Combs & Brushes;product;acessorio, avulso, cabelos-cacheados, cabelos-crespos, home-showcase-one, queda-quebra, sem-desconto;VERDADEIRO;Title;Default Title;;;;;;;;7685GE;78.0;shopify;deny;manual;49.00;;VERDADEIRO;VERDADEIRO;'7896025540705;https://cdn.shopify.com/s/files/1/0807/8344/2240/products/17_47_17_785_17_8_0_067_escovafundo.png?v=1739415097;1;Escova polvo GE Beauty para desembaraçar cabelos sem quebrar os fios;FALSO;Escova Polvo GE Beauty | Desembaraço suave e definição;Escova Polvo GE Beauty desembaraça sem quebrar, ativa os cachos e reduz o frizz. Cerdas flexíveis com formato que acompanha o contorno da cabeça.;;;;;;;;;;;;;deslizamento-suave-e-cachos-definidos;;;descricao-longa-84j0mdwf;;;"a-escova-polvo-ge-beauty-pode-ser-usada-com-leave-in-ou-booster; a-escova-polvo-ge-beauty-funciona-em-cabelos-lisos; a-escova-polvo-ge-beauty-reduz-a-quebra";Facilita a finalização de cabelos cacheados e ondulados;;;;;;;;;;;;;;;;;;;;;;;;;;;;;;"booster-antifrizz; shampoo-sem-sulfato-travel-size; mascara-condicionadora-travel-size; booster-definicao-ge-beauty-15ml; escova-polvo-ge-beauty; escova-oval-ge-beauty";"caixa-para-presente-vermelha; booster-antifrizz; shampoo-sem-sulfato-travel-size; mascara-condicionadora-travel-size; booster-definicao-ge-beauty-15ml; escova-polvo-ge-beauty; escova-oval-ge-beauty";ahead;;;kg;;10.98;active;A Escova Polvo GE Beauty foi criada especialmente para cabelos ondulados, cacheados e crespos. Suas cerdas flexíveis e forma curvada facilitam o desembaraço sem puxar, reduzem a quebra e ativam o movimento natural dos fios. Com ajuste de largura, acompanha o formato da cabeça e realça a definição durante o uso com leave‑in ou booster.;;"Para finalizar: Separe pequenas mechas de cabelo, aplique sua misturinha e deslize a escova levemente para formar fitas, amasse de baixo para cima, para dar mais definição ao movimento e curvatura natural do cabelo e deixe secar naturalmente ou usando um difusor.
Ps. Evite contato com fontes de calor em excesso.";"{""type"":""root"",""children"":[{""listType"":""ordered"",""type"":""list"",""children"":[{""type"":""list-item"",""children"":[{""type"":""text"",""value"":""Com os fios úmidos e já aplicados leave‑in ou booster, deslize a escova mecha a mecha, da raiz às pontas.""}]},{""type"":""list-item"",""children"":[{""type"":""text"",""value"":""Use a escova de forma vertical para desembaraçar e depois horizontal para ativar o formato do cacho.""}]},{""type"":""list-item"",""children"":[{""type"":""text"",""value"":""Deixe secar naturalmente ou finalize como preferir.""}]}]}]}";"{""type"":""root"",""children"":[{""listType"":""unordered"",""type"":""list"",""children"":[{""type"":""list-item"",""children"":[{""type"":""text"",""value"":""Desembaraço rápido e suave, sem dor""}]},{""type"":""list-item"",""children"":[{""type"":""text"",""value"":""Redução da quebra, com menos frizz""}]},{""type"":""list-item"",""children"":[{""type"":""text"",""value"":""Ativação da definição natural dos cachos""}]},{""type"":""list-item"",""children"":[{""type"":""text"",""value"":""Ajuste ergonômico que acompanha o contorno da cabeça""}]}]}]}";
espatula;espátula;;GE Beauty;Health & Beauty > Personal Care > Hair Care;product;avulso;VERDADEIRO;Title;Default Title;;;;;;;;143VR;61.0;shopify;deny;manual;5.00;;VERDADEIRO;VERDADEIRO;'7898398842332;https://cdn.shopify.com/s/files/1/0807/8344/2240/files/143VR_espatula.png?v=1739415062;1;;FALSO;;;;;;;;;;;;;;;;;;;;;;;;;;;;;;;;;;;;;;;;;;;;;;;;;;;;"booster-antifrizz; shampoo-sem-sulfato-travel-size; mascara-condicionadora-travel-size; booster-definicao-ge-beauty-15ml; escova-polvo-ge-beauty; escova-oval-ge-beauty";"caixa-para-presente-vermelha; booster-antifrizz; shampoo-sem-sulfato-travel-size; mascara-condicionadora-travel-size; booster-definicao-ge-beauty-15ml; escova-polvo-ge-beauty; escova-oval-ge-beauty";ahead;;;kg;;0.90;active;;;;;;
leave-in-com-protecao-termica-ge-beauty-150ml;leave-in com proteção térmica;<p><strong>Proteção térmica, fios sem frizz e com brilho natural</strong><br>Fórmula leve que nutre, sela e protege contra o calor, deixando o cabelo macio e solto.</p>;GE Beauty;Health & Beauty > Personal Care > Hair Care > Hair Styling Products;product;avulso, cabelos-cacheados, cabelos-crespos, cabelos-finos, cabelos-lisos, cabelos-ondulados, cabelos-porosos, cabelos-quimicamente-tratados, contem-leave-in, finalizador, formula, full-size, hidratacao, hydra, para-todo-dia, sem-volume;VERDADEIRO;Title;Default Title;;;;;;;;GEB 003;170.0;shopify;deny;manual;99.00;;VERDADEIRO;VERDADEIRO;'7896768471151;https://cdn.shopify.com/s/files/1/0807/8344/2240/files/Bases_fundo-branco_1000x1000-finalizador-leave-in.jpg?v=1739415077;1;Leave-in com proteção térmica GE Beauty - creme de pentear com protetor térmico;FALSO;Leave-in GE Beauty | Proteção Térmica e Fios Sem Frizz;Proteja seus fios do calor com o Leave-in GE Beauty. Reduz frizz, dá brilho e maciez sem pesar. Ideal para secador, chapinha e babyliss.;1901;;;;;;;;;;;;cabelos-protegidos-alinhados-e-com-brilho-saudavel;Todos os produtos;;descricao-longa-7h5bhgpl;150mL;mais-vendido-1;"o-leave-in-ge-beauty-tem-protecao-termica; posso-usar-o-leave-in-todo-dia; posso-usar-no-cabelo-seco; qual-a-diferenca-do-leave-in-para-o-primer; o-leave-in-serve-para-todos-os-tipos-de-cabelo; o-leave-in-e-liberado-para-low-poo";protege contra danos térmicos e hidrata;;;;;;;;'7;;;;;;;glossy;"encaracolado; dry; normal; liso; ondulado";light;;;;;creme;;;;;;"feminino; unissex";;"booster-antifrizz; shampoo-sem-sulfato-travel-size; mascara-condicionadora-travel-size; booster-definicao-ge-beauty-15ml; escova-polvo-ge-beauty; escova-oval-ge-beauty";"caixa-para-presente-vermelha; booster-antifrizz; shampoo-sem-sulfato-travel-size; mascara-condicionadora-travel-size; booster-definicao-ge-beauty-15ml; escova-polvo-ge-beauty; escova-oval-ge-beauty";ahead;;;kg;;12.00;active;"Quem usa ferramentas de calor sabe o quanto é fácil perder o brilho e deixar o cabelo áspero e sem vida. O Finalizador Leave-in GE Beauty possui proteção térmica de até 230ºC e textura em creme (mais densa), finalizando e hidratando os fios.

Sua fórmula combina extrato de chia que forma um filme protetor reduzindo o frizz e ajudando a preservar a hidratação, trealose que protege contra danos térmicos e preserva a umidade dentro da fibra capilar, e proteína de seda que promove maciez e brilho extra.

O resultado? Fios alinhados, protegidos e sedosos, prontos para encarar o calor sem medo.";"Ingredientes do LeaveÍn com proteção térmica GE Beauty                                                                               • Thermoshield premium: ativo a base de sálvia, trehalose (açúcar natural) e xilitol (açúcar derivado do milho). Retém a umidade dentro da fibra capilar e forma uma barreira protetora que protege os fios dos danos provocados pelo calor. Além disso, também garante uma modelagem (escova, chapinha, baby liss) de longa duração.
• Sensactive veg: ativo à base de manteiga de murumuru e de cupuaçu. Em contato com a pele, aumenta a produção de beta-endorfinas e encefalinas, neurotransmissores que promovem uma sensação de prazer e bem-estar. Tudo pra deixar seu banho ainda mais gostoso!
• Sensoveil soft: ativo à base de crambe, óleo de girassol e óleo de abacate. Forma um filme na fibra capilar que proporciona brilho, maciez e penteabilidade aos fios sem acumular resíduos.
• Hebeatol® plus: conservante antimicrobiano formulado à base de xilitol (açúcar derivado do milho) que previne a presença de bactérias e fungos no produto.

Lista completa de ingredientes: Cetearyl Alcohol, Cetyl Alcohol, Astrocaryum Murumuru Seed Butter, Palm Alcohol, Theobroma Grandiflorum Seed Butter, Lecithin, Phytosteryl Canolate, Tocopherol, Ethyl Linoleate, Ethyl Oleate, Crambe Abyssinica Seed Oil, Helianthus Annuus Seed Oil, Persea Gratissima Oil, Pentaerythrityl Tetra-Di-T-Butyl Hydroxyhydrocinnamate, Ceteareth-20, Aqua, Cetrimonium Chloride, Glycerin, Citric Acid, Salvia Hispanica Seed Extract, Trehalose, Xylitol, Caprylyl/Capryl Glucoside, Sorbitan Oleate, Polyquaternium-37, Sodium Phosphate, Benzyl Alcohol, Caprylic Acid, Xylityl Sesquicaprylate, Parfum, Benzyl Benzoate, Citral, Citronellol, Geraniol, Hexyl Cinnamal, Hydroxycitronellal, Limonene, Linalool.";"Como usar o Leave-In com proteção térmica GE Beauty 
Aplique o Shampoo puro nos fios para limpar profundamente do couro cabeludo às pontas, enxágue. Você também pode adicionar algumas gotas de até dois Boosters GE Beauty para potencializar seu tratamento de acordo com as necessidades do seu cabelo.
BOOSTER FORTIFICANTE: de 2 a 3 gotas para finalizar com nutrição extra e fios saudáveis.
BOOSTER ANTIOXIDANTE: de 2 a 3 gotas para proteção UV e prevenção do desbotamento da coloração.
BOOSTER HIDRATANETE: de 2 a 3 gotas para finalizar com mais brilho.
BOOSTER DEFINIÇÃO: de 5 a 7 gotas (regule de acordo com o seu cabelo) para finalização com mais definição, proteção térmica e duração de até 12h.
Sinta-se livre para testar sua própria fórmula e modos de aplicação e descobrir o que é melhor para o seu cabelo!";"{""type"":""root"",""children"":[{""listType"":""ordered"",""type"":""list"",""children"":[{""type"":""list-item"",""children"":[{""type"":""text"",""value"":""Aplique nos cabelos úmidos, do comprimento às pontas, antes de secar ou modelar.""}]},{""type"":""list-item"",""children"":[{""type"":""text"",""value"":""Finalize como desejar: com secador, chapinha, babyliss ou deixe secar naturalmente.""}]},{""type"":""list-item"",""children"":[{""type"":""text"",""value"":""Use também no dia a dia para controlar o frizz e dar mais maciez.""}]},{""type"":""list-item"",""children"":[{""type"":""text"",""value"":""Complemente com um dos nossos  ""},{""url"":""https://gebeauty.com.br/collections/guia-pratico-dos-boosters"",""title"":""Boosters GE Beauty | Personalize Seu Cuidado Capilar e Potencialize Resultados"",""target"":""_blank"",""type"":""link"",""children"":[{""type"":""text"",""value"":""boosters""}]},{""type"":""text"",""value"":""  para resultados mais potentes.""}]}]}]}";"{""type"":""root"",""children"":[{""listType"":""unordered"",""type"":""list"",""children"":[{""type"":""list-item"",""children"":[{""type"":""text"",""value"":""Fios protegidos contra altas temperaturas""}]},{""type"":""list-item"",""children"":[{""type"":""text"",""value"":""Menos frizz e acabamento leve, sem rigidez""}]},{""type"":""list-item"",""children"":[{""type"":""text"",""value"":""Maciez e brilho extra, com movimento natural""}]}]}]}";
leave-in-com-protecao-termica-travel-size;travel size | leave-in com proteção térmica;<p><strong>proteção térmica, menos frizz e brilho em qualquer lugar</strong><br>Finalizador leve, agora no tamanho ideal para levar na bolsa ou na mala.</p>;GE Beauty;Health & Beauty > Personal Care > Hair Care;product;avulso, cabelos-cacheados, cabelos-crespos, cabelos-finos, cabelos-lisos, cabelos-ondulados, cabelos-porosos, cabelos-quimicamente-tratados, finalizador, formula, sem-volume, travel-size;VERDADEIRO;Title;Default Title;;;;;;;;GEB 011;61.0;shopify;deny;manual;47.00;;VERDADEIRO;VERDADEIRO;'7896768412314;https://cdn.shopify.com/s/files/1/0807/8344/2240/files/4.png?v=1739415054;1;Travel size - Leave-in com proteção térmica GE Beauty - versão compacta para viagem;FALSO;Leave-in Travel Size GE Beauty | Proteção Térmica e Fios Sem Frizz;Deixe seus fios protegidos e com brilho onde for com o Leave-in GE Beauty Travel Size. Menos frizz, maciez e leveza para o dia todo.;;;;;;;;;;;;;cabelos-protegidos-alinhados-e-com-brilho-saudavel;;;descricao-longa-7h5bhgpl;50mL;;"o-leave-in-ge-beauty-tem-protecao-termica; posso-usar-o-leave-in-todo-dia; posso-usar-no-cabelo-seco; qual-a-diferenca-do-leave-in-para-o-primer; o-leave-in-serve-para-todos-os-tipos-de-cabelo; o-leave-in-e-liberado-para-low-poo";protege contra danos térmicos e hidrata;;;;;;;;;;;;;;;;;;;;;;;;;;;;feminino;;"booster-antifrizz; shampoo-sem-sulfato-travel-size; mascara-condicionadora-travel-size; booster-definicao-ge-beauty-15ml; escova-polvo-ge-beauty; escova-oval-ge-beauty";"caixa-para-presente-vermelha; booster-antifrizz; shampoo-sem-sulfato-travel-size; mascara-condicionadora-travel-size; booster-definicao-ge-beauty-15ml; escova-polvo-ge-beauty; escova-oval-ge-beauty";ahead;;;kg;;6.35;active;"Quem usa ferramentas de calor sabe o quanto é fácil perder o brilho e deixar o cabelo áspero e sem vida. O Finalizador Leave-in GE Beauty possui proteção térmica de até 230ºC e textura em creme (mais densa), finalizando e hidratando os fios.

Sua fórmula combina extrato de chia que forma um filme protetor reduzindo o frizz e ajudando a preservar a hidratação, trealose que protege contra danos térmicos e preserva a umidade dentro da fibra capilar, e proteína de seda que promove maciez e brilho extra.

O resultado? Fios alinhados, protegidos e sedosos, prontos para encarar o calor sem medo.";"Ingredientes do LeaveÍn com proteção térmica GE Beauty                                                                               • Thermoshield premium: ativo a base de sálvia, trehalose (açúcar natural) e xilitol (açúcar derivado do milho). Retém a umidade dentro da fibra capilar e forma uma barreira protetora que protege os fios dos danos provocados pelo calor. Além disso, também garante uma modelagem (escova, chapinha, baby liss) de longa duração.
• Sensactive veg: ativo à base de manteiga de murumuru e de cupuaçu. Em contato com a pele, aumenta a produção de beta-endorfinas e encefalinas, neurotransmissores que promovem uma sensação de prazer e bem-estar. Tudo pra deixar seu banho ainda mais gostoso!
• Sensoveil soft: ativo à base de crambe, óleo de girassol e óleo de abacate. Forma um filme na fibra capilar que proporciona brilho, maciez e penteabilidade aos fios sem acumular resíduos.
• Hebeatol® plus: conservante antimicrobiano formulado à base de xilitol (açúcar derivado do milho) que previne a presença de bactérias e fungos no produto.

Lista completa de ingredientes: Cetearyl Alcohol, Cetyl Alcohol, Astrocaryum Murumuru Seed Butter, Palm Alcohol, Theobroma Grandiflorum Seed Butter, Lecithin, Phytosteryl Canolate, Tocopherol, Ethyl Linoleate, Ethyl Oleate, Crambe Abyssinica Seed Oil, Helianthus Annuus Seed Oil, Persea Gratissima Oil, Pentaerythrityl Tetra-Di-T-Butyl Hydroxyhydrocinnamate, Ceteareth-20, Aqua, Cetrimonium Chloride, Glycerin, Citric Acid, Salvia Hispanica Seed Extract, Trehalose, Xylitol, Caprylyl/Capryl Glucoside, Sorbitan Oleate, Polyquaternium-37, Sodium Phosphate, Benzyl Alcohol, Caprylic Acid, Xylityl Sesquicaprylate, Parfum, Benzyl Benzoate, Citral, Citronellol, Geraniol, Hexyl Cinnamal, Hydroxycitronellal, Limonene, Linalool.";"Como usar o Leave-In com proteção térmica GE Beauty 
Aplique o Shampoo puro nos fios para limpar profundamente do couro cabeludo às pontas, enxágue. Você também pode adicionar algumas gotas de até dois Boosters GE Beauty para potencializar seu tratamento de acordo com as necessidades do seu cabelo.
BOOSTER FORTIFICANTE: de 2 a 3 gotas para finalizar com nutrição extra e fios saudáveis.
BOOSTER ANTIOXIDANTE: de 2 a 3 gotas para proteção UV e prevenção do desbotamento da coloração.
BOOSTER HIDRATANETE: de 2 a 3 gotas para finalizar com mais brilho.
BOOSTER DEFINIÇÃO: de 5 a 7 gotas (regule de acordo com o seu cabelo) para finalização com mais definição, proteção térmica e duração de até 12h.
Sinta-se livre para testar sua própria fórmula e modos de aplicação e descobrir o que é melhor para o seu cabelo!";"{""type"":""root"",""children"":[{""listType"":""ordered"",""type"":""list"",""children"":[{""type"":""list-item"",""children"":[{""type"":""text"",""value"":""Aplique nos cabelos úmidos, do comprimento às pontas, antes de secar ou modelar.""}]},{""type"":""list-item"",""children"":[{""type"":""text"",""value"":""Finalize como desejar: com secador, chapinha, babyliss ou deixe secar naturalmente.""}]},{""type"":""list-item"",""children"":[{""type"":""text"",""value"":""Use também no dia a dia para controlar o frizz e dar mais maciez.""}]},{""type"":""list-item"",""children"":[{""type"":""text"",""value"":""Complemente com um dos nossos  ""},{""url"":""https://gebeauty.com.br/collections/guia-pratico-dos-boosters"",""title"":""Boosters GE Beauty | Personalize Seu Cuidado Capilar e Potencialize Resultados"",""target"":""_blank"",""type"":""link"",""children"":[{""type"":""text"",""value"":""boosters""}]},{""type"":""text"",""value"":""  para resultados mais potentes.""}]}]}]}";"{""type"":""root"",""children"":[{""listType"":""unordered"",""type"":""list"",""children"":[{""type"":""list-item"",""children"":[{""type"":""text"",""value"":""Fios protegidos contra altas temperaturas""}]},{""type"":""list-item"",""children"":[{""type"":""text"",""value"":""Menos frizz e acabamento leve, sem rigidez""}]},{""type"":""list-item"",""children"":[{""type"":""text"",""value"":""Maciez e brilho extra, com movimento natural""}]}]}]}";
leave-in-pluma;leave-in pluma;"<p><b>Fluido de tratamento multifuncional</b></p>
<p>Hidrata, nutre, repara, protege e potencializa o brilho sem pesar<br></p>";GE Beauty;Health & Beauty > Personal Care > Hair Care > Hair Styling Products;product;25.09_voltei, antifrizz, avulso, cabelos-cacheados, cabelos-crespos, cabelos-finos, cabelos-lisos, cabelos-ondulados, cabelos-porosos, finalizador, formula, full-size, lancto2025, protecao-termica, protecao-uv, queridinho-full-size, sem-volume;VERDADEIRO;Title;Default Title;;;;;;;;GEB 120;283.0;shopify;deny;manual;149.00;;VERDADEIRO;VERDADEIRO;'631430152719;https://cdn.shopify.com/s/files/1/0807/8344/2240/files/ge-42460.jpg?v=1753535544;1;Foto still do Leave-in Pluma GE Beauty com fundo branco;FALSO;Leave-in Pluma GE Beauty | Fluido multifuncional de Reconstrução;Spray leave-in que reconstrói, hidrata sem pesar e protege até 230 °C. Brilho, maciez e frizz sob controle em segundos — experimente o Leave-in Pluma GE Beauty;1901;;;;;;;;;;;;brilho-maciez-e-alinhamento-imediato;;;descricao-longa-06etepuc;200mL;lancamento;"o-leave-in-pluma-pesa-o-cabelo-fino; posso-usar-ferramentas-termicas-depois-de-aplicar; ele-substitui-o-uso-de-oleo-finalizador";Hidrata, repara, protege com ação térmica até 230 °C, dá brilho e controla o frizz — seja no cabelo úmido, seco ou no day after.;"Hidratado e com brilho
Seco ao vento";;;"Ressecados ou secos
Quebradiços ou danificados
Raiz oleosa
Com frizz";;"Cacheados
Finos
Lisos
Equilibrados
Oleosos ou mistos
Desidratados
Crespos";;;;;;;;;;"encaracolado; liso; ondulado";;;;;;"creme; serum; liquid";;;;;;"feminino; unissex";;"shampoo-sem-sulfato-ge-beauty-250ml; mascara-condicionadora-ge-beauty-200ml; booster-antifrizz; shampoo-sem-sulfato-travel-size; mascara-condicionadora-travel-size; booster-definicao-ge-beauty-15ml; escova-polvo-ge-beauty; escova-oval-ge-beauty";"shampoo-sem-sulfato-ge-beauty-250ml; mascara-condicionadora-ge-beauty-200ml; caixa-para-presente-vermelha; booster-antifrizz; shampoo-sem-sulfato-travel-size; mascara-condicionadora-travel-size; booster-definicao-ge-beauty-15ml; escova-polvo-ge-beauty; escova-oval-ge-beauty";ahead;;;kg;;;active;;;;;;
mascara-condicionadora-ge-beauty-200ml;máscara condicionadora;<p><strong>Hidratação intensa e fios sem frizz em todos os tipos de cabelo<br></strong>Máscara leve e vegana que nutre profundamente, sela as cutículas e recupera a maciez natural.<br></p>;GE Beauty;Health & Beauty > Personal Care > Hair Care;product;avulso, cabelos-cacheados, cabelos-coloridos, cabelos-crespos, cabelos-lisos, cabelos-ondulados, cabelos-quimicamente-tratados, contem-essenciais, contem-mascara, fidelizador, forca-e-nutricao, formula, full-size, hidratacao, hydra, para-todo-dia, queda-quebra, queridinho-full-size;VERDADEIRO;Title;Default Title;;;;;;;;GEB 002;250.0;shopify;deny;manual;95.00;;VERDADEIRO;VERDADEIRO;'7896768471144;https://cdn.shopify.com/s/files/1/0807/8344/2240/files/Bases_fundo-branco_1000x1000-mascara.jpg?v=1739415075;1;Máscara condicionadora GE Beauty - tratamento intensivo para hidratação profunda dos fios;FALSO;Máscara Condicionadora GE Beauty | Hidratação e Fios Sem Frizz;"Hidrate e fortaleça seus fios com a máscara GE Beauty. Cabelo macio, sem frizz e com brilho natural. Para todos os tipos de cabelo!
";;;;;;;;;;;;;fios-nutridos-fortes-e-sem-frizz-com-brilho-e-movimento-natural;;;descricao-longa-pvkx0qhi;200mL;mais-vendido-1;"a-mascara-pode-ser-usada-todos-os-dias; quanto-tempo-devo-deixar-a-mascara-agir; a-mascara-e-liberada-para-low-poo; posso-usar-a-mascara-no-couro-cabeludo; qual-a-diferenca-da-mascara-para-o-condicionador-tradicional; a-mascara-pesa-no-cabelo";nutre e hidrata profundamente;;;;;;;;'6;;;;;;;;;;;;;;;;;;;;"feminino; unissex";;"booster-antifrizz; shampoo-sem-sulfato-travel-size; booster-definicao-ge-beauty-15ml; escova-polvo-ge-beauty; escova-oval-ge-beauty";"caixa-para-presente-vermelha; booster-antifrizz; shampoo-sem-sulfato-travel-size; booster-definicao-ge-beauty-15ml; escova-polvo-ge-beauty; escova-oval-ge-beauty";ahead;;;kg;;16.81;active;"Quem nunca quis sentir o cabelo leve e macio, mesmo depois de dias corridos ou agressões do sol e poluição? Com o tempo, os fios ficam ásperos, opacos e frágeis, o que muda até como você se sente.

A Máscara Condicionadora GE Beauty devolve vida e movimento sem pesar. Sua fórmula une óleo de abacate para hidratar e nutrir profundamente, crambe que promove maciez e redução do frizz, e óleo de girassol que previne o enfraquecimentos dos fios e dá brilho.

Um cuidado rápido que transforma cabelos secos e danificados em fios sedosos, fáceis de desembaraçar e com brilho natural já na primeira aplicação.";"Ingredientes da Máscara Condicionadora GE Beauty                                                                                     • Ômega plus: uma sinergia dos óleos de semente de girassol, macadâmia, oliva, gergelim e milho, ricos em ômega 3, 6, 7 e 9. Esses componentes são importantes para devolver a emoliência e hidratação perdidas no processos de lavagem e dos danos do dia a dia. Também dá brilho e maciez, além de facilitar o desembaraço nos cabelos úmidos.
• Sensactive veg: ativo à base de manteiga de murumuru e de cupuaçu. Em contato com a pele, aumenta a produção de beta-endorfinas e encefalinas, neurotransmissores que promovem uma sensação de prazer e bem-estar. Tudo pra deixar seu banho ainda mais gostoso!
• Wavemax®: fórmula à base de chia e linhaça com alto teor de vitaminas e minerais. Forma um filme resistente e flexível na fibra capilar que protege contra a umidade e alinha as cutículas do fio, garantindo mechas definidas por mais tempo.
• Sensoveil soft: ativo à base de crambe, óleo de girassol e óleo de abacate. Forma um filme na fibra capilar que proporciona brilho, maciez e penteabilidade aos fios sem acumular resíduos.
• Hebeatol® plus: conservante antimicrobiano formulado à base de xilitol (açúcar derivado do milho) que previne a presença de bactérias e fungos no produto.

Lista completa de ingredientes: Cetearyl Alcohol, Behentrimonium Chloride, Helianthus Annuus Seed Oil, Zea Mays Oil, Sesamum Indicum Seed Oil, Macadamia Integrifolia Seed Oil, Olea Europaea Fruit Oil, TBHQ, Astrocaryum Murumuru Seed Butter, Palm Alcohol, Theobroma Grandiflorum Seed Butter, Lecithin, Phytosteryl Canolate, Tocopherol, Ethyl Linoleate, Ethyl Oleate, Crambe Abyssinica Seed Oil, Persea Gratissima Oil, Pentaerythrityl Tetra-Di-T-Butyl Hydroxyhydrocinnamate, Cetyl Alcohol, Stearamidopropyl Dimethylamine, Aqua, Sodium Gluconate, Cetrimonium Chloride, Lactic Acid, Parfum, Linum Usitatissimum Seed Extract, Salvia Hispanica Seed Extract, Benzyl Alcohol, Xylitol, Caprylic Acid, Xylityl Sesquicaprylate, Benzyl Benzoate, Hexyl Cinnamal, Limonene, Linalool.";"Como usar a Máscara Condicionadora GE Beauty 
Aplique o Shampoo puro nos fios para limpar profundamente do couro cabeludo às pontas, enxágue. Você também pode adicionar algumas gotas de até dois Boosters GE Beauty para potencializar seu tratamento de acordo com as necessidades do seu cabelo.
BOOSTER FORTIFICANTE: de 2 a 5 gotas para tratamento de nutrição intensiva.
BOOSTER ANTIOXIDANTE: de 2 a 6 gotas para nutrir e proteger a vitalidade do fio.
BOOSTER HIDRATANETE: de 3 a 6 gotas para tratamento de hidratação intensiva
BOOSTER DEFINIÇÃO: de 5 a 7 gotas para hidratar e dar volume.
Sinta-se livre para testar sua própria fórmula e modos de aplicação e descobrir o que é melhor para o seu cabelo!";"{""type"":""root"",""children"":[{""listType"":""ordered"",""type"":""list"",""children"":[{""type"":""list-item"",""children"":[{""type"":""text"",""value"":""Aplique nos cabelos úmidos, do comprimento às pontas, logo após o ""},{""url"":""https://gebeauty.com.br/products/shampoo-sem-sulfato-ge-beauty-250ml"",""title"":""Shampoo sem sulfato GE Beauty | Limpeza Suave e Fios Soltos"",""target"":""_blank"",""type"":""link"",""children"":[{""type"":""text"",""value"":""shampoo""}]},{""type"":""text"",""value"":"".""}]},{""type"":""list-item"",""children"":[{""type"":""text"",""value"":""Deixe agir por 3 a 5 minutos para um cuidado diário, ou até 15 minutos para uma hidratação mais intensa.""}]},{""type"":""list-item"",""children"":[{""type"":""text"",""value"":""Enxágue bem e finalize como preferir.""}]}]}]}";"{""type"":""root"",""children"":[{""listType"":""unordered"",""type"":""list"",""children"":[{""type"":""list-item"",""children"":[{""type"":""text"",""value"":""Hidratação profunda que recupera a elasticidade e o brilho""}]},{""type"":""list-item"",""children"":[{""type"":""text"",""value"":""Reduz o frizz e facilita o desembaraço, deixando o toque sedoso""}]},{""type"":""list-item"",""children"":[{""type"":""text"",""value"":""Fortalece e repara a fibra capilar, prevenindo quebras""}]},{""type"":""list-item"",""children"":[{""type"":""text"",""value"":""Fios mais soltos, com movimento e aparência saudável desde a primeira aplicação""}]}]}]}";
mascara-condicionadora-travel-size;travel size | máscara condicionadora;<p><strong>Hidratação intensa e fios sem frizz, onde você estiver</strong><br>Nutrição profunda em tamanho prático, para manter o cabelo saudável mesmo fora de casa.</p>;GE Beauty;Health & Beauty > Personal Care > Hair Care > Shampoo & Conditioner > Conditioners;product;avulso, cabelos-coloridos, cabelos-lisos, cabelos-ondulados, cabelos-quimicamente-tratados, cabelos-secos, contem-essenciais, contem-mascara, fidelizador, forca-e-nutricao, formula, hidratacao, hydra, queda-quebra, travel-size;VERDADEIRO;Title;Default Title;;;;;;;;GEB 010;58.0;shopify;deny;manual;40.00;;VERDADEIRO;VERDADEIRO;'7896768412321;https://cdn.shopify.com/s/files/1/0807/8344/2240/files/6.png?v=1739415053;1;Travel size - Máscara condicionadora GE Beauty - versão compacta para viagem;FALSO;Máscara Travel Size GE Beauty | Hidratação e Fios Sem Frizz;Hidrate e proteja seus fios em qualquer lugar com a Máscara GE Beauty Travel Size. Menos frizz, mais brilho e toque sedoso.;543616;;;;;;;;;;;;fios-nutridos-fortes-e-sem-frizz-com-brilho-e-movimento-natural;;;descricao-longa-pvkx0qhi;50mL;;"a-mascara-pode-ser-usada-todos-os-dias; quanto-tempo-devo-deixar-a-mascara-agir; a-mascara-e-liberada-para-low-poo; posso-usar-a-mascara-no-couro-cabeludo; qual-a-diferenca-da-mascara-para-o-condicionador-tradicional; a-mascara-pesa-no-cabelo";nutre e hidrata profundamente;;;;;;;;;;;;;;;;;;;;;;;;;;;;"feminino; unissex";;"booster-antifrizz; shampoo-sem-sulfato-travel-size; booster-definicao-ge-beauty-15ml; escova-polvo-ge-beauty; escova-oval-ge-beauty";"caixa-para-presente-vermelha; booster-antifrizz; shampoo-sem-sulfato-travel-size; booster-definicao-ge-beauty-15ml; escova-polvo-ge-beauty; escova-oval-ge-beauty";ahead;;;kg;;6.79;active;"Quem nunca quis sentir o cabelo leve e macio, mesmo depois de dias corridos ou agressões do sol e poluição? Com o tempo, os fios ficam ásperos, opacos e frágeis, o que muda até como você se sente.

A Máscara Condicionadora GE Beauty devolve vida e movimento sem pesar. Sua fórmula une óleo de abacate para hidratar e nutrir profundamente, crambe que promove maciez e redução do frizz, e óleo de girassol que previne o enfraquecimentos dos fios e dá brilho.

Um cuidado rápido que transforma cabelos secos e danificados em fios sedosos, fáceis de desembaraçar e com brilho natural já na primeira aplicação.";"Ingredientes da Máscara Condicionadora GE Beauty                                                                                     • Ômega plus: uma sinergia dos óleos de semente de girassol, macadâmia, oliva, gergelim e milho, ricos em ômega 3, 6, 7 e 9. Esses componentes são importantes para devolver a emoliência e hidratação perdidas no processos de lavagem e dos danos do dia a dia. Também dá brilho e maciez, além de facilitar o desembaraço nos cabelos úmidos.
• Sensactive veg: ativo à base de manteiga de murumuru e de cupuaçu. Em contato com a pele, aumenta a produção de beta-endorfinas e encefalinas, neurotransmissores que promovem uma sensação de prazer e bem-estar. Tudo pra deixar seu banho ainda mais gostoso!
• Wavemax®: fórmula à base de chia e linhaça com alto teor de vitaminas e minerais. Forma um filme resistente e flexível na fibra capilar que protege contra a umidade e alinha as cutículas do fio, garantindo mechas definidas por mais tempo.
• Sensoveil soft: ativo à base de crambe, óleo de girassol e óleo de abacate. Forma um filme na fibra capilar que proporciona brilho, maciez e penteabilidade aos fios sem acumular resíduos.
• Hebeatol® plus: conservante antimicrobiano formulado à base de xilitol (açúcar derivado do milho) que previne a presença de bactérias e fungos no produto.

Lista completa de ingredientes: Cetearyl Alcohol, Behentrimonium Chloride, Helianthus Annuus Seed Oil, Zea Mays Oil, Sesamum Indicum Seed Oil, Macadamia Integrifolia Seed Oil, Olea Europaea Fruit Oil, TBHQ, Astrocaryum Murumuru Seed Butter, Palm Alcohol, Theobroma Grandiflorum Seed Butter, Lecithin, Phytosteryl Canolate, Tocopherol, Ethyl Linoleate, Ethyl Oleate, Crambe Abyssinica Seed Oil, Persea Gratissima Oil, Pentaerythrityl Tetra-Di-T-Butyl Hydroxyhydrocinnamate, Cetyl Alcohol, Stearamidopropyl Dimethylamine, Aqua, Sodium Gluconate, Cetrimonium Chloride, Lactic Acid, Parfum, Linum Usitatissimum Seed Extract, Salvia Hispanica Seed Extract, Benzyl Alcohol, Xylitol, Caprylic Acid, Xylityl Sesquicaprylate, Benzyl Benzoate, Hexyl Cinnamal, Limonene, Linalool.";"Como usar a Máscara Condicionadora GE Beauty 
Aplique o Shampoo puro nos fios para limpar profundamente do couro cabeludo às pontas, enxágue. Você também pode adicionar algumas gotas de até dois Boosters GE Beauty para potencializar seu tratamento de acordo com as necessidades do seu cabelo.
BOOSTER FORTIFICANTE: de 2 a 5 gotas para tratamento de nutrição intensiva.
BOOSTER ANTIOXIDANTE: de 2 a 6 gotas para nutrir e proteger a vitalidade do fio.
BOOSTER HIDRATANETE: de 3 a 6 gotas para tratamento de hidratação intensiva
BOOSTER DEFINIÇÃO: de 5 a 7 gotas para hidratar e dar volume.
Sinta-se livre para testar sua própria fórmula e modos de aplicação e descobrir o que é melhor para o seu cabelo!";"{""type"":""root"",""children"":[{""listType"":""ordered"",""type"":""list"",""children"":[{""type"":""list-item"",""children"":[{""type"":""text"",""value"":""Aplique nos cabelos úmidos, do comprimento às pontas, logo após o ""},{""url"":""https://gebeauty.com.br/products/shampoo-sem-sulfato-ge-beauty-250ml"",""title"":""Shampoo sem sulfato GE Beauty | Limpeza Suave e Fios Soltos"",""target"":""_blank"",""type"":""link"",""children"":[{""type"":""text"",""value"":""shampoo""}]},{""type"":""text"",""value"":"".""}]},{""type"":""list-item"",""children"":[{""type"":""text"",""value"":""Deixe agir por 3 a 5 minutos para um cuidado diário, ou até 15 minutos para uma hidratação mais intensa.""}]},{""type"":""list-item"",""children"":[{""type"":""text"",""value"":""Enxágue bem e finalize como preferir.""}]}]}]}";"{""type"":""root"",""children"":[{""listType"":""unordered"",""type"":""list"",""children"":[{""type"":""list-item"",""children"":[{""type"":""text"",""value"":""Hidratação profunda que recupera a elasticidade e o brilho""}]},{""type"":""list-item"",""children"":[{""type"":""text"",""value"":""Reduz o frizz e facilita o desembaraço, deixando o toque sedoso""}]},{""type"":""list-item"",""children"":[{""type"":""text"",""value"":""Fortalece e repara a fibra capilar, prevenindo quebras""}]},{""type"":""list-item"",""children"":[{""type"":""text"",""value"":""Fios mais soltos, com movimento e aparência saudável desde a primeira aplicação""}]}]}]}";
necessaire-clutch-bordo-g;clutch bordô grande;<p><strong>Prática, espaçosa e cheia de estilo.</strong><br>A clutch GE Beauty foi feita para acompanhar sua rotina com funcionalidade e personalidade. Ideal para viagens, treinos ou para ter sempre seus favoritos por perto.<br></p>;GE Beauty;Luggage & Bags > Cosmetic & Toiletry Bags > Toiletry Bags;product;acessorio, avulso;VERDADEIRO;Title;Default Title;;;;;;;;'100690;61.0;shopify;deny;manual;110.00;;VERDADEIRO;VERDADEIRO;'074468529663;https://cdn.shopify.com/s/files/1/0807/8344/2240/files/ge-29073_1.jpg?v=1739415035;1;;FALSO;Clutch Grande GE Beauty Bordô | Espaçosa, resistente e elegante;A Clutch Grande GE Beauty comporta frascos grandes, tem material resistente e design sofisticado. Ideal para levar seus essenciais com praticidade e estilo.;;;;;;;;;;;;;;;;;34x29cm;;"a-clutch-ge-beauty-e-impermeavel; quantos-produtos-cabem-na-clutch-ge-beauty-grande; ela-e-rigida-ou-maleavel";;;;;;;;;;;;;vermelho;;;;;;;;;;;;;;;;;;"booster-antifrizz; shampoo-sem-sulfato-travel-size; mascara-condicionadora-travel-size; booster-definicao-ge-beauty-15ml; escova-polvo-ge-beauty; escova-oval-ge-beauty";"caixa-para-presente-vermelha; booster-antifrizz; shampoo-sem-sulfato-travel-size; mascara-condicionadora-travel-size; booster-definicao-ge-beauty-15ml; escova-polvo-ge-beauty; escova-oval-ge-beauty";ahead;;;kg;;38.14;active;;;;;;
necessaire-clutch-vermelha-g;clutch vermelha grande;<p><strong>Prática, espaçosa e cheia de estilo.</strong><br>A clutch GE Beauty foi feita para acompanhar sua rotina com funcionalidade e personalidade. Ideal para viagens, treinos ou para ter sempre seus favoritos por perto.</p>;GE Beauty;Apparel & Accessories > Handbags, Wallets & Cases > Handbags > Clutch Bags;product;acessorio, avulso;VERDADEIRO;Title;Default Title;;;;;;;;'100689;61.0;shopify;deny;manual;110.00;;VERDADEIRO;VERDADEIRO;'074468529656;https://cdn.shopify.com/s/files/1/0807/8344/2240/files/ge-29069.jpg?v=1739415037;1;;FALSO;Clutch Grande GE Beauty Vermelha | Espaçosa, resistente e elegante;A Clutch Grande GE Beauty comporta frascos grandes, tem material resistente e design sofisticado. Ideal para levar seus essenciais com praticidade e estilo.;;;;;;;;;;;;;;;;;34x29cm;;"ela-e-rigida-ou-maleavel; quantos-produtos-cabem-na-clutch-ge-beauty-grande; a-clutch-ge-beauty-e-impermeavel";;;;;;;;;;;;;vermelho;;;;;;;;;;;;;;;;unissex;;"booster-antifrizz; shampoo-sem-sulfato-travel-size; mascara-condicionadora-travel-size; booster-definicao-ge-beauty-15ml; escova-polvo-ge-beauty; escova-oval-ge-beauty";"caixa-para-presente-vermelha; booster-antifrizz; shampoo-sem-sulfato-travel-size; mascara-condicionadora-travel-size; booster-definicao-ge-beauty-15ml; escova-polvo-ge-beauty; escova-oval-ge-beauty";ahead;;;kg;;35.88;active;;;;;;
necessaire-vermelha;nécessaire clutch mini;<p><strong>Compacta, versátil e cheia de personalidade</strong><br>A Necessaire Clutch GE Beauty é perfeita para levar seus itens essenciais com praticidade — seja na bolsa, na mochila ou na mala.</p>;GE Beauty;Health & Beauty > Personal Care > Hair Care;product;acessorio, avulso, travel-size;VERDADEIRO;Title;Default Title;;;;;;;;'100667;10.0;shopify;deny;manual;59.00;;VERDADEIRO;VERDADEIRO;'070341871461;https://cdn.shopify.com/s/files/1/0807/8344/2240/files/3.png?v=1739415052;1;;FALSO;Necessaire Clutch Vermelha GE Beauty | Compacta, resistente e versátil;A Necessaire Clutch Vermelha GE Beauty é perfeita para carregar boosters, escova e itens essenciais. Leve, prática e com acabamento elegante.;;;;;;;;;;;;;;;;;;;"a-necessaire-clutch-vermelha-cabe-frascos-grandes; a-necessaire-clutch-vermelha-e-feita-de-que-material";cabe o essencial para o seu cabelo;;;;;;;;;;;;;;;;;;;;;;;;;;;;feminino;;"booster-antifrizz; shampoo-sem-sulfato-travel-size; mascara-condicionadora-travel-size; booster-definicao-ge-beauty-15ml; escova-polvo-ge-beauty; escova-oval-ge-beauty";"caixa-para-presente-vermelha; booster-antifrizz; shampoo-sem-sulfato-travel-size; mascara-condicionadora-travel-size; booster-definicao-ge-beauty-15ml; escova-polvo-ge-beauty; escova-oval-ge-beauty";ahead;;;kg;;21.88;active;;;;;;
pochete-ge-beauty;pochete GE Beauty;"<p>Leve tudo o que você precisa de forma prática e cheia de estilo com a Pochete Exclusiva GE Beauty.</p>
<p>Compacta e versátil, ela é o acessório ideal para te acompanhar em qualquer ocasião – desde os compromissos do dia a dia até momentos de lazer e viagens.<br>Com um design moderno e funcional, a pochete possui espaço ideal para carregar seus itens essenciais, como celular, carteira e maquiagem, mantendo tudo sempre à mão com total conforto e segurança.<br>Por que você vai amar:<br>✔ Versátil e prática – Use na cintura ou transversal para mais conforto.<br>✔ Compacta, mas espaçosa – Carregue seus itens essenciais sem volume extra.<br>✔ Estilo que combina com tudo – O tom vermelho vibrante dá um toque moderno ao seu visual.<br>✔ Material em sarja resistente a água e durável – Feita para te acompanhar em todas as ocasiões.</p>";GE Beauty;Health & Beauty > Personal Care > Hair Care;product;acessorio, avulso;VERDADEIRO;Title;Default Title;;;;;;;;'200241;61.0;shopify;deny;manual;79.00;;VERDADEIRO;VERDADEIRO;'074468790032;https://cdn.shopify.com/s/files/1/0807/8344/2240/files/ge-32226.jpg?v=1742906840;1;;FALSO;;;;;;;;;;;;;;;;;;;;;;;;;;;;;;;;;;;;;;;;;;;;;;;;;;feminino;;"booster-antifrizz; shampoo-sem-sulfato-travel-size; mascara-condicionadora-travel-size; booster-definicao-ge-beauty-15ml; escova-polvo-ge-beauty; escova-oval-ge-beauty";"caixa-para-presente-vermelha; booster-antifrizz; shampoo-sem-sulfato-travel-size; mascara-condicionadora-travel-size; booster-definicao-ge-beauty-15ml; escova-polvo-ge-beauty; escova-oval-ge-beauty";ahead;;;kg;;;active;;;;;;
primer-cachos-definidos;primer cachos definidos;<p><strong>Cachos definidos e livres de frizz por 24h</strong><br>Protege do calor, hidrata e mantém a forma natural sem pesar.</p>;GE Beauty;Health & Beauty > Personal Care > Hair Care > Hair Styling Products;product;25.09_voltei, antifrizz, avulso, cabelos-cacheados, cabelos-crespos, cabelos-finos, cabelos-lisos, cabelos-ondulados, cabelos-porosos, finalizador, formula, full-size, lancto2025, protecao-termica, protecao-uv, sem-volume;VERDADEIRO;Title;Default Title;;;;;;;;GEB 101;283.0;shopify;deny;manual;149.00;;VERDADEIRO;VERDADEIRO;'070341871478;https://cdn.shopify.com/s/files/1/0807/8344/2240/files/ge-29028.jpg?v=1739415031;1;Primer cachos definidos GE Beauty - creme modelador para cachos perfeitos e duradouros;FALSO;Primer Cachos Definidos GE Beauty | Cachos Sem Frizz e Hidratados;Defina e proteja seus cachos com o Primer Cachos Definidos GE Beauty. Controle de frizz, hidratação e proteção térmica para ondas e cachos perfeitos.;1901;;;;;;;;;;;;cachos-definidos-protegidos-e-livres-de-frizz;;;descricao-longa-e0sctwhf;250mL;mais-vendido-1;"o-primer-cachos-definidos-serve-para-todos-os-tipos-de-cacho; precisa-usar-calor-para-ativar-o-produto; o-primer-cachos-substitui-o-leave-in; o-primer-cachos-definidos-pode-ser-usado-todo-dia; o-primer-cachos-definidos-protege-do-calor; o-primer-cachos-definidos-funciona-em-cabelo-liso; o-primer-cachos-definidos-ajuda-mesmo-com-a-umidade; o-primer-cachos-definidos-deixa-o-cabelo-duro";Ideal para quem busca cachos definidos, macios e sem pesar os fios;"Cachos definidos
Ondas naturais
Babyliss duradouro";;;"Com frizz
Sem volume";;"Cacheados
Finos
Lisos
Equilibrados";;;;;;;;;;"encaracolado; liso; ondulado";;;;;;"creme; serum";;;;;;"feminino; unissex";;"booster-antifrizz; shampoo-sem-sulfato-travel-size; mascara-condicionadora-travel-size; booster-definicao-ge-beauty-15ml; escova-polvo-ge-beauty; escova-oval-ge-beauty";"caixa-para-presente-vermelha; booster-antifrizz; shampoo-sem-sulfato-travel-size; mascara-condicionadora-travel-size; booster-definicao-ge-beauty-15ml; escova-polvo-ge-beauty; escova-oval-ge-beauty";ahead;;;kg;;24.79;active;;;;;;
primer-liso-intacto;primer liso intacto;<p><strong>Escova intacta por mais tempo, sem frizz e com brilho intenso</strong><br>Proteção térmica até 230 °C e blindagem contra a umidade por 24h, para fios alinhados e hidratados.<br></p>;GE Beauty;Health & Beauty > Personal Care > Hair Care > Hair Styling Products;product;25.09_voltei, antifrizz, avulso, cabelos-finos, cabelos-lisos, cabelos-ondulados, cabelos-porosos, finalizador, formula, full-size, lancto2025, protecao-termica, protecao-uv, sem-volume;VERDADEIRO;Title;Default Title;;;;;;;;GEB 102;178.0;shopify;continue;manual;139.00;;VERDADEIRO;VERDADEIRO;'074468261297;https://cdn.shopify.com/s/files/1/0807/8344/2240/files/ge-29030.jpg?v=1739415033;1;Primer liso intacto GE Beauty - protetor térmico para alisamento duradouro;FALSO;Primer Liso Intacto GE Beauty | Escova Prolongada e Sem Frizz;Prolongue o efeito da escova com o Primer Liso Intacto GE Beauty. Sem frizz, protegido da umidade e com brilho intenso por até 24h.;1901;;;;;;;;;;;;cabelo-alinhado-liso-por-mais-tempo-e-sem-frizz;;;descricao-longa-jg9vs5vt;150mL;mais-vendido-1;"o-primer-liso-intacto-funciona-em-qualquer-tipo-de-cabelo; o-primer-liso-intacto-tem-protecao-termica-mesmo; o-primer-liso-intacto-ajuda-contra-a-umidade; o-primer-liso-intacto-pode-ser-usado-sem-escovar-ou-pranchar";Para quem busca um liso intacto e duradouro;Ondas naturais;;;"Com frizz
Sem vitalidade
Sem volume";;"Lisos
Ondulados";;;;;;branco;;fosco;glossy;"liso; encaracolado; ondulado; dry";;outro;;revestimento-protetor;;spray;po-preparado;;;;dentro-de-casa;"feminino; unissex";;"booster-antifrizz; shampoo-sem-sulfato-travel-size; mascara-condicionadora-travel-size; booster-definicao-ge-beauty-15ml; escova-polvo-ge-beauty; escova-oval-ge-beauty";"caixa-para-presente-vermelha; booster-antifrizz; shampoo-sem-sulfato-travel-size; mascara-condicionadora-travel-size; booster-definicao-ge-beauty-15ml; escova-polvo-ge-beauty; escova-oval-ge-beauty";ahead;;;kg;;21.51;active;;;;;;
shampoo-a-seco;shampoo a seco;<p><strong>Limpeza instantânea, controle da oleosidade e volume imediato</strong><br>Fórmula vegana que refresca e cuida do couro cabeludo, com fragrância incrível.<br><br></p>;GE Beauty;Health & Beauty > Personal Care > Hair Care > Shampoo & Conditioner > Shampoo;product;avulso, cabelos-cacheados, cabelos-crespos, cabelos-oleosos, couro-cabeludo, curva-c, formula, full-size, limpeza, para-todo-dia;VERDADEIRO;Title;Default Title;;;;;;;;GEB 008;110.0;shopify;deny;manual;69.00;99.00;VERDADEIRO;VERDADEIRO;'630941722534;https://cdn.shopify.com/s/files/1/0807/8344/2240/files/1_f5625f39-3bc7-4be7-a79a-e1a9cb53ea7d.jpg?v=1739415102;1;Shampoo a seco GE Beauty - limpeza rápida sem água para cabelos oleosos;FALSO;Shampoo a Seco GE Beauty | Oleosidade Controlada e Volume;Renove o visual em segundos com o Shampoo a Seco GE Beauty. Controla a oleosidade, dá volume e mantém fios soltos sem água.;543615;;;;;;;;;;;;fios-renovados-e-couro-cabeludo-equilibrado-em-segundos;;;descricao-longa-6ja29ul3;150mL;30-off;"o-shampoo-a-seco-substitui-a-lavagem-tradicional; pode-usar-shampoo-a-seco-todos-os-dias; deixa-o-cabelo-esbranquicado; posso-usar-em-qualquer-tipo-de-cabelo; e-a-fragrancia";renova a sensação de limpeza e controla a oleosidade ;;;;;;;;'8;;;;;;;;;;;;;vegan;"spray; solid";;solid;;"oily; curly; frizzy";;feminino;;"booster-antifrizz; shampoo-sem-sulfato-travel-size; mascara-condicionadora-travel-size; booster-definicao-ge-beauty-15ml; escova-polvo-ge-beauty; escova-oval-ge-beauty";"caixa-para-presente-vermelha; booster-antifrizz; shampoo-sem-sulfato-travel-size; mascara-condicionadora-travel-size; booster-definicao-ge-beauty-15ml; escova-polvo-ge-beauty; escova-oval-ge-beauty";ahead;;;kg;;14.63;active;"Quem tem a rotina corrida sabe que nem sempre dá para lavar o cabelo com água.

O Shampoo a Seco GE Beauty foi criado para esses momentos: em poucos segundos, ele absorve a oleosidade, devolve o volume e ainda prolonga o aspecto de cabelo limpo.

Com H-Vit Plus, que controla a oleosidade do couro cabeludo e fortalece a barreira cutânea, e pantenol, que garante sensação imediata de frescor, ele é perfeito para todos os tipos de cabelo.

Resultado? Fios soltos, leves e com aspecto saudável, sem precisar passar pelo chuveiro.";"Ingredientes do Shampoo a Seco GE Beauty                                                                 
H-Vit Plus, Biotina e Algas vermelhas: Controla a oleosidade e cuida da saúde do couro cabeludo a longo prazo
Dry Flo: Proporciona toque seco a aplicação, absorvendo a oleosidade sem deixar os fios duros ou ressecados.
Mentol e Pantenol: Refrescância, maciez e hidratação.

Lista completa de ingredientes: Alcohol, Aluminum Starch Octenylsuccinate, Aqua, Glycerin, Rose Extract, Glycyrrhiza Glabra Rhizome/Root, Cichorium Intybus Leaf Extract, Hydrolyzed Rhodophyceae Extract, Panthenol, Linoleic Acida Xylitol, Coprylic Acid, Disodium EDTA, Caprylyl Glycol, Menthol, Biotin, Porfum, Butane, Propaner Citronellol, Hexyl Cinnamal, Hydroxycitronellal, Limonene, Linalool.";"Como usar o Shampoo a seco GE Beauty:
Agite bem o frasco e aplique diretamente na raiz do cabelo seco a uma distância de 15cm. Espere 30 segundos até secar e massageie a raiz com as pontas dos dedos, espalhando o produto e observando a raiz ganhar mais volume!";"{""type"":""root"",""children"":[{""listType"":""ordered"",""type"":""list"",""children"":[{""type"":""list-item"",""children"":[{""type"":""text"",""value"":""Agite bem antes de usar.""}]},{""type"":""list-item"",""children"":[{""type"":""text"",""value"":""Aplique nos cabelos secos, a cerca de 20 cm do couro cabeludo, concentrando nas raízes.""}]},{""type"":""list-item"",""children"":[{""type"":""text"",""value"":""Deixe agir por 2 a 3 minutos e depois escove ou massageie com as mãos para retirar o excesso.""}]}]}]}";"{""type"":""root"",""children"":[{""listType"":""unordered"",""type"":""list"",""children"":[{""type"":""list-item"",""children"":[{""type"":""text"",""value"":""Cabelo limpo na hora, sem necessidade de água""}]},{""type"":""list-item"",""children"":[{""type"":""text"",""value"":""Oleosidade controlada e couro cabeludo com sensação refrescante""}]},{""type"":""list-item"",""children"":[{""type"":""text"",""value"":""Fios mais leves, volumosos e com movimento natural""}]}]}]}";
shampoo-sem-sulfato-ge-beauty-250ml;shampoo sem sulfato;<p><strong>Limpeza profunda que mantém a leveza e o equilíbrio do couro cabeludo<br></strong>Fórmula sem sulfato que purifica sem ressecar, deixando o cabelo solto e com brilho natural.<br><br></p>;GE Beauty;Health & Beauty > Personal Care > Hair Care > Shampoo & Conditioner > Shampoo;product;avulso, cabelos-cacheados, cabelos-coloridos, cabelos-crespos, cabelos-lisos, cabelos-oleosos, cabelos-ondulados, cabelos-porosos, cabelos-quimicamente-tratados, contem-essenciais, contem-shampoo, couro-cabeludo, fidelizador, forca-e-nutricao, formula, full-size, hidratacao, home-showcase-one, hydra, limpeza, para-todo-dia, produtos-menu, produtos-recomendados, produtos-relacionados, queridinho-full-size, sensivel;VERDADEIRO;Title;Default Title;;;;;;;;GEB 001;281.0;shopify;deny;manual;95.00;;VERDADEIRO;VERDADEIRO;'7896768471137;https://cdn.shopify.com/s/files/1/0807/8344/2240/files/Bases_fundo-branco_1000x1000-shampoo.jpg?v=1739415073;1;Shampoo sem sulfato GE Beauty - limpeza suave para todos os tipos de cabelo;FALSO;Shampoo Sem Sulfato GE Beauty | Leveza e Limpeza Natural;Limpe e equilibre seu cabelo com o Shampoo Neutro GE Beauty. Fórmula sem sulfato, controla a oleosidade e mantém fios leves e soltos.;543615;;;;;;;;;;;;cabelo-leve-couro-cabeludo-purificado-e-frescor-que-dura-o-dia-todo;;;descricao-longa-6hdfs71y;250mL;mais-vendido-1;"o-shampoo-tem-sulfato; ele-e-indicado-para-todos-os-tipos-de-cabelo; posso-usar-o-shampoo-todos-os-dias; o-shampoo-ajuda-a-reduzir-a-oleosidade; deixa-o-cabelo-pesado; e-liberado-para-low-poo";limpa profundamente sem ressecar;;;;;;;;'11;;;;;;;;;;;;;livre-de-sulfato;;;;;todos-os-tipos-de-cabelo;;"feminino; unissex";;"booster-antifrizz; mascara-condicionadora-travel-size; booster-definicao-ge-beauty-15ml; escova-polvo-ge-beauty; escova-oval-ge-beauty";"caixa-para-presente-vermelha; booster-antifrizz; mascara-condicionadora-travel-size; booster-definicao-ge-beauty-15ml; escova-polvo-ge-beauty; escova-oval-ge-beauty";ahead;;;g;;19.90;active;"Quem nunca sentiu o cabelo pesado ou o couro cabeludo sufocado, mesmo logo depois de lavar?

O Shampoo sem Sulfato GE Beauty limpa profundamente sem sulfatos agressivos, controlando a oleosidade e mantendo a hidratação natural.

Com manteiga de murumuru, que repõe a maciez e a nutrição natural dos fios, e pantenol, que hidrata profundamente sem pesar, promove uma limpeza eficiente e gentil com o couro cabeludo. Livre de sulfatos agressivos, ele mantém o equilíbrio natural dos fios, evitando o ressecamento e aquela sensação de acúmulo com o uso contínuo.";"Ingredientes do Shampoo sem sulfato  GE Beauty                                                                       • Pantenol: também chamado de pró-vitamina B5, possui ação hidratante, anti-inflamatória e revitalizante. Deixa os fios brilhantes, macios e reduz a formação de pontas duplas.
• Manteiga de murumuru: semente de origem amazônica, possui ação super hidratante e nutritiva. É ela que dá origem a nossa espuma cremosa e poderosa!
• Sensoveil soft: ativo à base de crambe, óleo de girassol e óleo de abacate. Forma um filme na fibra capilar que proporciona brilho, maciez e penteabilidade aos fios sem acumular resíduos.
• Hebeatol® plus: conservante antimicrobiano formulado à base de xilitol (açúcar derivado do milho) que previne a presença de bactérias e fungos no produto.

Lista completa de ingredientes: Aqua, Sodium Astrocaryum Murumuruate, PEG-120 Methyl Glucose Dioleate, Ethyl Linoleate, Ethyl Oleate, Crambe Abyssinica Seed Oil, Helianthus Annuus Seed Oil, Persea Gratissima Oil, Pentaerythrityl Tetra-Di-T-Butyl Hydroxyhydrocinnamate, Tocopherol, Guar Hydroxypropyltrimonium Chloride, Glycerin, Sodium Lauroyl Sarcosinate, Disodium EDTA, Lauryl Glucoside, Cocamidopropyl Betaine, Panthenol, Citric Acid, Polyquaternium-7, Xylityl Sesquicaprylate, Parfum, Sodium Gluconate, Benzyl Alcohol, Benzyl Benzoate, Hexyl Cinnamal, Limonene, Linalool.";"Como usar o Shampoo sem sulfato GE Beauty 
Aplique o Shampoo puro nos fios para limpar profundamente do couro cabeludo às pontas, enxágue. Você também pode adicionar algumas gotas de até dois Boosters GE Beauty para potencializar seu tratamento de acordo com as necessidades do seu cabelo.
Booster Fortificante: de 3 a 7 gotas para limpar controlando a queda e oleosidade excessiva do couro cabeludo. (mínimo 3x por semana)
Booster Antioxidante: de 3 a 7 gotas para aclamar o couro cabeludo sensível, ideal para cuidados pós-química.
Booster Hidratante: de 3 a 7 gotas para limpar com hidratação extra.
Booster Definição: de 3 a 7 gotas para limpeza com volume, para aqueles dias que você quer um cabelão.
Sinta-se livre para testar sua própria fórmula e modos de aplicação e descobrir o que é melhor para o seu cabelo!";"{""type"":""root"",""children"":[{""listType"":""ordered"",""type"":""list"",""children"":[{""type"":""list-item"",""children"":[{""type"":""text"",""value"":""Aplique nos cabelos úmidos e massageie o couro cabeludo.""}]},{""type"":""list-item"",""children"":[{""type"":""text"",""value"":""Enxágue bem. Se necessário, repita a aplicação.""}]},{""type"":""list-item"",""children"":[{""type"":""text"",""value"":""Finalize com a ""},{""url"":""https://gebeauty.com.br/products/mascara-condicionadora-ge-beauty-200ml"",""title"":""Máscara condicionadora GE Beauty | Hidratação Intensa e Cabelo Sem Frizz"",""target"":""_blank"",""type"":""link"",""children"":[{""type"":""text"",""value"":""máscara""}]},{""type"":""text"",""value"":"" ou ""},{""url"":""https://gebeauty.com.br/products/leave-in-com-protecao-termica-ge-beauty-150ml"",""title"":""Leave-in com proteção térmica GE Beauty | Proteção Térmica e Fios Leves"",""target"":""_blank"",""type"":""link"",""children"":[{""type"":""text"",""value"":""leave-in""}]},{""type"":""text"",""value"":"" GE Beauty para potencializar o cuidado.""}]}]}]}";"{""type"":""root"",""children"":[{""listType"":""unordered"",""type"":""list"",""children"":[{""type"":""list-item"",""children"":[{""type"":""text"",""value"":""Couro cabeludo limpo e equilibrado, sem irritar""}]},{""type"":""list-item"",""children"":[{""type"":""text"",""value"":""Fios leves, com movimento natural e brilho saudável""}]},{""type"":""list-item"",""children"":[{""type"":""text"",""value"":""Sensação de frescor prolongada, sem ressecamento""}]}]}]}";
shampoo-sem-sulfato-travel-size;travel size | shampoo sem sulfato;<p><strong>Limpeza profunda e fios leves em qualquer lugar</strong><br>Fórmula sem sulfato que purifica sem ressecar, agora no tamanho perfeito para acompanhar você.</p>;GE Beauty;Health & Beauty > Personal Care > Hair Care > Shampoo & Conditioner > Shampoo;product;avulso, cabelos-cacheados, cabelos-coloridos, cabelos-crespos, cabelos-lisos, cabelos-oleosos, cabelos-ondulados, cabelos-porosos, cabelos-quimicamente-tratados, contem-essenciais, contem-shampoo, couro-cabeludo, fidelizador, forca-e-nutricao, formula, hidratacao, hydra, limpeza, travel-size;VERDADEIRO;Title;Default Title;;;;;;;;GEB 013;72.0;shopify;deny;manual;40.00;;VERDADEIRO;VERDADEIRO;'7896768412338;https://cdn.shopify.com/s/files/1/0807/8344/2240/files/5.png?v=1739415057;1;Travel size - Shampoo sem sulfatos GE Beauty - versão compacta para viagem;FALSO;Shampoo Travel Size GE Beauty | Leveza e Limpeza Sem Sulfato;Leve seu cuidado para onde for com o Shampoo Neutro GE Beauty Travel Size. Limpa sem sulfato, controla a oleosidade e mantém fios leves.;543615;;;;;;;;;;;;cabelo-leve-couro-cabeludo-purificado-e-frescor-que-dura-o-dia-todo;;;descricao-longa-6hdfs71y;60mL;;"o-shampoo-tem-sulfato; ele-e-indicado-para-todos-os-tipos-de-cabelo; posso-usar-o-shampoo-todos-os-dias; o-shampoo-ajuda-a-reduzir-a-oleosidade; deixa-o-cabelo-pesado; e-liberado-para-low-poo";limpa profundamente sem ressecar;;;;;;;;;;;;;;;;;;;;;;;;;;;;"feminino; unissex";;"booster-antifrizz; mascara-condicionadora-travel-size; booster-definicao-ge-beauty-15ml; escova-polvo-ge-beauty; escova-oval-ge-beauty";"caixa-para-presente-vermelha; booster-antifrizz; mascara-condicionadora-travel-size; booster-definicao-ge-beauty-15ml; escova-polvo-ge-beauty; escova-oval-ge-beauty";ahead;;;kg;;6.13;active;"Quem nunca sentiu o cabelo pesado ou o couro cabeludo sufocado, mesmo logo depois de lavar?

O Shampoo sem Sulfato GE Beauty limpa profundamente sem sulfatos agressivos, controlando a oleosidade e mantendo a hidratação natural.

Com manteiga de murumuru, que repõe a maciez e a nutrição natural dos fios, e pantenol, que hidrata profundamente sem pesar, promove uma limpeza eficiente e gentil com o couro cabeludo. Livre de sulfatos agressivos, ele mantém o equilíbrio natural dos fios, evitando o ressecamento e aquela sensação de acúmulo com o uso contínuo.";"Ingredientes do Shampoo sem sulfato  GE Beauty                                                                       • Pantenol: também chamado de pró-vitamina B5, possui ação hidratante, anti-inflamatória e revitalizante. Deixa os fios brilhantes, macios e reduz a formação de pontas duplas.
• Manteiga de murumuru: semente de origem amazônica, possui ação super hidratante e nutritiva. É ela que dá origem a nossa espuma cremosa e poderosa!
• Sensoveil soft: ativo à base de crambe, óleo de girassol e óleo de abacate. Forma um filme na fibra capilar que proporciona brilho, maciez e penteabilidade aos fios sem acumular resíduos.
• Hebeatol® plus: conservante antimicrobiano formulado à base de xilitol (açúcar derivado do milho) que previne a presença de bactérias e fungos no produto.

Lista completa de ingredientes: Aqua, Sodium Astrocaryum Murumuruate, PEG-120 Methyl Glucose Dioleate, Ethyl Linoleate, Ethyl Oleate, Crambe Abyssinica Seed Oil, Helianthus Annuus Seed Oil, Persea Gratissima Oil, Pentaerythrityl Tetra-Di-T-Butyl Hydroxyhydrocinnamate, Tocopherol, Guar Hydroxypropyltrimonium Chloride, Glycerin, Sodium Lauroyl Sarcosinate, Disodium EDTA, Lauryl Glucoside, Cocamidopropyl Betaine, Panthenol, Citric Acid, Polyquaternium-7, Xylityl Sesquicaprylate, Parfum, Sodium Gluconate, Benzyl Alcohol, Benzyl Benzoate, Hexyl Cinnamal, Limonene, Linalool.";"Como usar o Shampoo sem sulfato GE Beauty 
Aplique o Shampoo puro nos fios para limpar profundamente do couro cabeludo às pontas, enxágue. Você também pode adicionar algumas gotas de até dois Boosters GE Beauty para potencializar seu tratamento de acordo com as necessidades do seu cabelo.
Booster Fortificante: de 3 a 7 gotas para limpar controlando a queda e oleosidade excessiva do couro cabeludo. (mínimo 3x por semana)
Booster Antioxidante: de 3 a 7 gotas para aclamar o couro cabeludo sensível, ideal para cuidados pós-química.
Booster Hidratante: de 3 a 7 gotas para limpar com hidratação extra.
Booster Definição: de 3 a 7 gotas para limpeza com volume, para aqueles dias que você quer um cabelão.
Sinta-se livre para testar sua própria fórmula e modos de aplicação e descobrir o que é melhor para o seu cabelo!";"{""type"":""root"",""children"":[{""listType"":""ordered"",""type"":""list"",""children"":[{""type"":""list-item"",""children"":[{""type"":""text"",""value"":""Aplique nos cabelos úmidos e massageie o couro cabeludo.""}]},{""type"":""list-item"",""children"":[{""type"":""text"",""value"":""Enxágue bem. Se necessário, repita a aplicação.""}]},{""type"":""list-item"",""children"":[{""type"":""text"",""value"":""Finalize com a ""},{""url"":""https://gebeauty.com.br/products/mascara-condicionadora-ge-beauty-200ml"",""title"":""Máscara condicionadora GE Beauty | Hidratação Intensa e Cabelo Sem Frizz"",""target"":""_blank"",""type"":""link"",""children"":[{""type"":""text"",""value"":""máscara""}]},{""type"":""text"",""value"":"" ou ""},{""url"":""https://gebeauty.com.br/products/leave-in-com-protecao-termica-ge-beauty-150ml"",""title"":""Leave-in com proteção térmica GE Beauty | Proteção Térmica e Fios Leves"",""target"":""_blank"",""type"":""link"",""children"":[{""type"":""text"",""value"":""leave-in""}]},{""type"":""text"",""value"":"" GE Beauty para potencializar o cuidado.""}]}]}]}";"{""type"":""root"",""children"":[{""listType"":""unordered"",""type"":""list"",""children"":[{""type"":""list-item"",""children"":[{""type"":""text"",""value"":""Couro cabeludo limpo e equilibrado, sem irritar""}]},{""type"":""list-item"",""children"":[{""type"":""text"",""value"":""Fios leves, com movimento natural e brilho saudável""}]},{""type"":""list-item"",""children"":[{""type"":""text"",""value"":""Sensação de frescor prolongada, sem ressecamento""}]}]}]}";
